,Carbon concentration / weight %,Silicon concentration / weight %,Manganese concentration / weight %,Sulphur concentration / weight %,Phosphorus concentration / weight %,Nickel concentration / weight %,Chromium concentration / weight %,Molybdenum concentration / weight %,Vanadium concentration / weight %,Copper concentration / weight %,Cobalt concentration / weight %,Tungsten concentration / weight %,Oxygen concentration / parts per million by weight,Titanium concentration / parts per million by weight,Nitrogen concentration / parts per million by weight,Aluminium concentration / parts per million by weight,Boron concentration / parts per million by weight,Niobium concentration / parts per million by weight,Tin concentration / parts per million by weight,Arsenic concentration / parts per million by weight,Antimony concentration / parts per million by weight,Current / A,Voltage / V,AC or DC,Heat input / kJ mm^{-1},Interpass temperature / °C,Type of weld,Post weld heat treatment temperature / °C,Post weld heat treatment time / hours,Yield strength / MPa,Ultimate tensile strength / MPa,Elongation / %,Reduction of Area / %,Charpy temperature / °C,Charpy impact toughness / J,Hardness / kg mm^{-2},50% FATT,Weld ID,Electrode Positive,Electrode Negative
0,0.05,0.29,0.72,0.007,0.009,0.77,0.52,0.23,0.059330845771144274,1.19,0.0,0.0,250.0,70.0,80.0,210.0,21.0,330.0,53.88681818181818,73.60119999999999,36.9378125,680.0,34.0,1.0,2.0,200,SA,0.0,0.0,649.0,613.2878378378379,25.735625,64.41988636363637,-5.19672131147541,87.8360655737705,257.0,6.0,Hunt&-Di-1994-1,1,0
1,0.05,0.27,0.75,0.006,0.01,0.75,0.5,0.23,0.059330845771144274,1.05,0.0,0.0,190.0,70.0,80.0,180.0,21.0,320.0,53.88681818181818,73.60119999999999,36.9378125,680.0,34.0,1.0,3.3,200,SA,0.0,0.0,576.0,613.2878378378379,25.735625,64.41988636363637,-5.19672131147541,87.8360655737705,227.0,-10.0,Hunt&-Di-1994-2,1,0
2,0.05,0.26,0.75,0.006,0.01,0.75,0.5,0.24,0.059330845771144274,1.04,0.0,0.0,210.0,70.0,80.0,180.0,25.0,320.0,53.88681818181818,73.60119999999999,36.9378125,680.0,34.0,1.0,4.6,200,SA,0.0,0.0,556.0,613.2878378378379,25.735625,64.41988636363637,-5.19672131147541,87.8360655737705,224.0,-40.0,Hunt&-Di-1994-3,1,0
3,0.05,0.27,0.77,0.005,0.01,0.73,0.49,0.24,0.059330845771144274,1.04,0.0,0.0,210.0,70.0,80.0,170.0,25.0,310.0,53.88681818181818,73.60119999999999,36.9378125,665.0,34.0,1.0,5.3,200,SA,0.0,0.0,538.0,613.2878378378379,25.735625,64.41988636363637,-5.19672131147541,87.8360655737705,226.0,-60.0,Hunt&-Di-1994-4,1,0
4,0.05,0.26,0.98,0.005,0.012,0.54,0.41,0.27,0.059330845771144274,0.85,0.0,0.0,240.0,100.0,80.0,140.0,26.0,200.0,53.88681818181818,73.60119999999999,36.9378125,670.0,34.0,1.0,2.0,200,SA,0.0,0.0,571.0,613.2878378378379,25.735625,64.41988636363637,-5.19672131147541,87.8360655737705,234.0,-126.0,Hunt&-Di-1994-5,1,0
5,0.05,0.25,0.98,0.005,0.011,0.55,0.42,0.27,0.059330845771144274,0.81,0.0,0.0,230.0,100.0,80.0,150.0,26.0,210.0,53.88681818181818,73.60119999999999,36.9378125,670.0,34.0,1.0,3.3,200,SA,0.0,0.0,561.0,613.2878378378379,25.735625,64.41988636363637,-5.19672131147541,87.8360655737705,217.0,-126.0,Hunt&-Di-1994-6,1,0
6,0.05,0.24,0.97,0.005,0.012,0.53,0.4,0.26,0.059330845771144274,0.82,0.0,0.0,230.0,90.0,80.0,140.0,21.0,200.0,53.88681818181818,73.60119999999999,36.9378125,670.0,34.0,1.0,4.6,200,SA,0.0,0.0,552.0,613.2878378378379,25.735625,64.41988636363637,-5.19672131147541,87.8360655737705,213.0,-106.0,Hunt&-Di-1994-7,1,0
7,0.04,0.24,0.98,0.005,0.012,0.53,0.4,0.27,0.059330845771144274,0.82,0.0,0.0,210.0,90.0,80.0,130.0,25.0,190.0,53.88681818181818,73.60119999999999,36.9378125,670.0,34.0,1.0,5.3,200,SA,0.0,0.0,541.0,613.2878378378379,25.735625,64.41988636363637,-5.19672131147541,87.8360655737705,209.0,-106.0,Hunt&-Di-1994-8,1,0
8,0.05,0.35,0.79,0.007,0.011,1.39,0.56,0.28,0.059330845771144274,0.96,0.0,0.0,210.0,40.0,80.0,200.0,15.0,330.0,53.88681818181818,73.60119999999999,36.9378125,640.0,34.0,1.0,2.0,200,SA,0.0,0.0,678.0,613.2878378378379,25.735625,64.41988636363637,-5.19672131147541,87.8360655737705,259.0,6.0,Hunt&-Di-1994-9,1,0
9,0.05,0.36,0.82,0.007,0.011,1.44,0.55,0.29,0.059330845771144274,0.92,0.0,0.0,190.0,50.0,80.0,190.0,14.0,320.0,53.88681818181818,73.60119999999999,36.9378125,660.0,34.0,1.0,3.3,200,SA,0.0,0.0,636.0,613.2878378378379,25.735625,64.41988636363637,-5.19672131147541,87.8360655737705,239.0,7.0,Hunt&-Di-1994-10,1,0
10,0.05,0.36,0.85,0.007,0.012,1.49,0.55,0.31,0.059330845771144274,0.89,0.0,0.0,210.0,40.0,80.0,170.0,19.0,320.0,53.88681818181818,73.60119999999999,36.9378125,660.0,34.0,1.0,4.6,200,SA,0.0,0.0,601.0,613.2878378378379,25.735625,64.41988636363637,-5.19672131147541,87.8360655737705,223.0,-15.0,Hunt&-Di-1994-11,1,0
11,0.05,0.36,0.86,0.007,0.012,1.5,0.54,0.31,0.059330845771144274,0.87,0.0,0.0,200.0,50.0,80.0,160.0,17.0,310.0,53.88681818181818,73.60119999999999,36.9378125,660.0,34.0,1.0,5.3,200,SA,0.0,0.0,585.0,613.2878378378379,25.735625,64.41988636363637,-5.19672131147541,87.8360655737705,230.0,-40.0,Hunt&-Di-1994-12,1,0
12,0.05,0.39,1.1,0.006,0.013,1.87,0.53,0.37,0.059330845771144274,0.57,0.0,0.0,220.0,60.0,70.0,160.0,12.0,210.0,53.88681818181818,73.60119999999999,36.9378125,660.0,34.0,1.0,2.0,200,SA,0.0,0.0,592.0,613.2878378378379,25.735625,64.41988636363637,-5.19672131147541,87.8360655737705,252.0,-73.0,Hunt&-Di-1994-13,1,0
13,0.05,0.38,1.11,0.005,0.014,1.89,0.52,0.37,0.059330845771144274,0.56,0.0,0.0,220.0,50.0,70.0,150.0,11.0,200.0,53.88681818181818,73.60119999999999,36.9378125,660.0,34.0,1.0,3.3,200,SA,0.0,0.0,555.0,613.2878378378379,25.735625,64.41988636363637,-5.19672131147541,87.8360655737705,241.0,-64.0,Hunt&-Di-1994-14,1,0
14,0.05,0.39,1.1,0.006,0.013,1.87,0.52,0.37,0.059330845771144274,0.57,0.0,0.0,220.0,60.0,80.0,140.0,13.0,210.0,53.88681818181818,73.60119999999999,36.9378125,660.0,34.0,1.0,4.6,200,SA,0.0,0.0,547.0,613.2878378378379,25.735625,64.41988636363637,-5.19672131147541,87.8360655737705,231.0,-68.0,Hunt&-Di-1994-15,1,0
15,0.05,0.4,1.12,0.006,0.014,1.9,0.51,0.37,0.059330845771144274,0.55,0.0,0.0,210.0,60.0,70.0,140.0,11.0,200.0,53.88681818181818,73.60119999999999,36.9378125,660.0,34.0,1.0,5.3,200,SA,0.0,0.0,543.0,613.2878378378379,25.735625,64.41988636363637,-5.19672131147541,87.8360655737705,229.0,-64.0,Hunt&-Di-1994-16,1,0
16,0.07,0.53,1.72,0.012,0.016,0.01,0.03,0.01,0.01,0.03,0.0,0.0,176.0,240.0,54.0,210.0,7.0,118.4020618556701,53.88681818181818,73.60119999999999,36.9378125,700.0,32.0,1.0,4.8,200,SA,0.0,0.0,462.0,638.0,31.0,67.0,-28.0,35.0,217.86666666666667,-31.096774193548388,Kluket-CuMnB-1994-1,1,0
17,0.08,0.59,1.84,0.013,0.016,0.01,0.05,0.01,0.01,0.38,0.0,0.0,155.0,230.0,54.0,240.0,8.0,118.4020618556701,53.88681818181818,73.60119999999999,36.9378125,700.0,32.0,1.0,4.8,200,SA,0.0,0.0,507.0,694.0,30.0,58.0,9.0,35.0,217.86666666666667,-31.096774193548388,Kluket-CuMnB-1994-2,1,0
18,0.08,0.62,1.86,0.013,0.016,0.01,0.05,0.01,0.01,0.81,0.0,0.0,174.0,230.0,54.0,220.0,10.0,118.4020618556701,53.88681818181818,73.60119999999999,36.9378125,700.0,32.0,1.0,4.8,200,SA,0.0,0.0,523.0,714.0,30.0,53.0,-5.0,35.0,217.86666666666667,-31.096774193548388,Kluket-CuMnB-1994-3,1,0
19,0.08,0.58,1.83,0.013,0.016,0.45,0.05,0.01,0.01,0.03,0.0,0.0,171.0,230.0,55.0,230.0,6.0,118.4020618556701,53.88681818181818,73.60119999999999,36.9378125,700.0,32.0,1.0,4.8,200,SA,0.0,0.0,522.0,709.0,30.0,54.0,-11.0,35.0,217.86666666666667,-31.096774193548388,Kluket-CuMnB-1994-4,1,0
20,0.08,0.59,1.84,0.013,0.015,0.45,0.05,0.01,0.01,0.4,0.0,0.0,168.0,250.0,49.0,240.0,9.0,118.4020618556701,53.88681818181818,73.60119999999999,36.9378125,700.0,32.0,1.0,4.8,200,SA,0.0,0.0,500.0,731.0,28.0,49.0,11.0,35.0,217.86666666666667,-31.096774193548388,Kluket-CuMnB-1994-5,1,0
21,0.08,0.62,1.85,0.013,0.017,0.45,0.05,0.01,0.01,0.81,0.0,0.0,152.0,220.0,52.0,240.0,10.0,118.4020618556701,53.88681818181818,73.60119999999999,36.9378125,700.0,32.0,1.0,4.8,200,SA,0.0,0.0,504.0,743.0,27.0,46.0,18.0,35.0,217.86666666666667,-31.096774193548388,Kluket-CuMnB-1994-6,1,0
22,0.08,0.62,1.83,0.013,0.014,1.51,0.05,0.01,0.01,0.03,0.0,0.0,185.0,230.0,67.0,200.0,7.0,118.4020618556701,53.88681818181818,73.60119999999999,36.9378125,700.0,32.0,1.0,4.8,200,SA,0.0,0.0,515.0,737.0,26.0,48.0,0.0,35.0,217.86666666666667,-31.096774193548388,Kluket-CuMnB-1994-7,1,0
23,0.07,0.59,1.85,0.013,0.014,1.5,0.05,0.01,0.01,0.42,0.0,0.0,146.0,250.0,57.0,200.0,9.0,118.4020618556701,53.88681818181818,73.60119999999999,36.9378125,700.0,32.0,1.0,4.8,200,SA,0.0,0.0,515.0,810.0,24.0,41.0,30.0,35.0,217.86666666666667,-31.096774193548388,Kluket-CuMnB-1994-8,1,0
24,0.08,0.66,1.92,0.013,0.015,1.54,0.05,0.01,0.01,0.89,0.0,0.0,148.0,260.0,51.0,230.0,13.0,118.4020618556701,53.88681818181818,73.60119999999999,36.9378125,700.0,32.0,1.0,4.8,200,SA,0.0,0.0,542.0,829.0,26.0,51.0,33.0,35.0,217.86666666666667,-31.096774193548388,Kluket-CuMnB-1994-9,1,0
25,0.09,0.63,1.9,0.013,0.015,0.01,0.05,0.01,0.01,0.04,0.0,0.0,165.0,250.0,56.0,190.0,36.0,118.4020618556701,53.88681818181818,73.60119999999999,36.9378125,700.0,32.0,1.0,4.8,200,SA,0.0,0.0,466.0,761.0,29.0,44.0,37.0,35.0,217.86666666666667,-31.096774193548388,Kluket-CuMnB-1994-10,1,0
26,0.08,0.67,1.94,0.013,0.015,0.51,0.05,0.01,0.01,0.43,0.0,0.0,142.0,280.0,57.0,220.0,40.0,118.4020618556701,53.88681818181818,73.60119999999999,36.9378125,700.0,32.0,1.0,4.8,200,SA,0.0,0.0,489.0,807.0,27.0,42.0,51.0,35.0,217.86666666666667,-31.096774193548388,Kluket-CuMnB-1994-11,1,0
27,0.08,0.68,1.94,0.013,0.015,1.54,0.05,0.01,0.01,0.85,0.0,0.0,132.0,290.0,55.0,270.0,44.0,118.4020618556701,53.88681818181818,73.60119999999999,36.9378125,700.0,32.0,1.0,4.8,200,SA,0.0,0.0,546.0,869.0,21.0,28.0,55.0,35.0,217.86666666666667,-31.096774193548388,Kluket-CuMnB-1994-12,1,0
28,0.05,0.25,1.15,0.015,0.024,0.0,0.0,0.0,0.004,0.12,0.0,0.0,377.8222222222222,30.0,140.0,105.0,16.1875,50.0,150.0,73.60119999999999,60.0,619.8364485981308,31.66355140186916,1.0,2.4,200,SA,0.0,0.0,420.8,504.2,33.0,73.0,-5.19672131147541,87.8360655737705,164.0,-31.096774193548388,Cunh-1982-13aw,1,0
29,0.05,0.25,1.15,0.015,0.024,0.0,0.0,0.0,0.004,0.12,0.0,0.0,377.8222222222222,30.0,140.0,105.0,16.1875,50.0,150.0,73.60119999999999,60.0,619.8364485981308,31.66355140186916,1.0,2.4,200,SA,600.0,2.1,387.5,482.7,29.5,70.5,-5.19672131147541,87.8360655737705,154.0,-31.096774193548388,Cunh-1982-13ht,1,0
30,0.1,0.18,1.6,0.015,0.029,0.0,0.0,0.5,0.004,0.14,0.0,0.0,377.8222222222222,20.0,110.0,80.0,16.1875,100.0,0.0,73.60119999999999,60.0,619.8364485981308,31.66355140186916,1.0,2.4,200,SA,0.0,0.0,630.8,725.9,24.5,68.5,-5.19672131147541,87.8360655737705,265.0,-31.096774193548388,Cunh-1982-14aw,1,0
31,0.1,0.18,1.6,0.015,0.029,0.0,0.0,0.5,0.004,0.14,0.0,0.0,377.8222222222222,20.0,110.0,80.0,16.1875,100.0,0.0,73.60119999999999,60.0,619.8364485981308,31.66355140186916,1.0,2.4,200,SA,600.0,2.1,605.3,694.5,25.5,67.5,-5.19672131147541,87.8360655737705,224.0,-31.096774193548388,Cunh-1982-14ht,1,0
32,0.09,0.28,1.52,0.015,0.045,0.0,0.0,0.5,0.005,0.1,0.0,0.0,377.8222222222222,80.0,110.0,125.0,16.1875,50.0,0.0,73.60119999999999,70.0,619.8364485981308,31.66355140186916,1.0,2.4,200,SA,0.0,0.0,540.5,645.5,27.5,66.0,-5.19672131147541,87.8360655737705,226.0,-31.096774193548388,Cunh-1982-15aw,1,0
33,0.09,0.28,1.52,0.015,0.045,0.0,0.0,0.5,0.005,0.1,0.0,0.0,377.8222222222222,80.0,110.0,125.0,16.1875,50.0,0.0,73.60119999999999,70.0,619.8364485981308,31.66355140186916,1.0,2.4,200,SA,600.0,2.1,562.1,640.6,27.5,66.5,-5.19672131147541,87.8360655737705,225.0,-31.096774193548388,Cunh-1982-15ht,1,0
34,0.12,0.22,1.24,0.036,0.019,0.0,0.0,0.0,0.0,0.18,0.0,0.0,377.8222222222222,0.0,110.0,110.0,16.1875,200.0,150.0,73.60119999999999,0.0,619.8364485981308,31.66355140186916,1.0,1.7,200,SA,0.0,0.0,483.6,586.6,32.0,70.5,-5.19672131147541,87.8360655737705,193.0,-31.096774193548388,Cunh-1982-16aw,1,0
35,0.12,0.22,1.24,0.036,0.019,0.0,0.0,0.0,0.0,0.18,0.0,0.0,377.8222222222222,0.0,110.0,110.0,16.1875,200.0,150.0,73.60119999999999,0.0,619.8364485981308,31.66355140186916,1.0,1.7,200,SA,600.0,2.1,414.0,532.7,33.0,74.5,-5.19672131147541,87.8360655737705,196.0,-31.096774193548388,Cunh-1982-16ht,1,0
36,0.15,0.32,1.2,0.017,0.025,0.0,0.0,0.0,0.0,0.0,0.0,0.0,377.8222222222222,0.0,99.0,90.0,16.1875,0.0,0.0,73.60119999999999,0.0,619.8364485981308,31.66355140186916,1.0,1.6,200,SA,0.0,0.0,536.6,627.8,30.0,68.0,-5.19672131147541,87.8360655737705,202.0,-31.096774193548388,Cunh-1982-17aw,1,0
37,0.15,0.32,1.2,0.017,0.025,0.0,0.0,0.0,0.0,0.0,0.0,0.0,377.8222222222222,0.0,99.0,90.0,16.1875,0.0,0.0,73.60119999999999,0.0,619.8364485981308,31.66355140186916,1.0,1.6,200,SA,600.0,1.3,487.6,586.6,31.0,73.5,-5.19672131147541,87.8360655737705,225.0,-31.096774193548388,Cunh-1982-17ht,1,0
38,0.08,0.21,1.2,0.014,0.022,0.0,0.0,0.0,0.0,0.0,0.0,0.0,377.8222222222222,0.0,100.0,128.0,16.1875,60.0,0.0,73.60119999999999,120.0,619.8364485981308,31.66355140186916,1.0,1.7,200,SA,0.0,0.0,453.2,596.4,30.0,74.0,-5.19672131147541,87.8360655737705,193.0,-31.096774193548388,Cunh-1982-18aw,1,0
39,0.08,0.21,1.2,0.014,0.022,0.0,0.0,0.0,0.0,0.0,0.0,0.0,377.8222222222222,0.0,100.0,128.0,16.1875,60.0,0.0,73.60119999999999,120.0,619.8364485981308,31.66355140186916,1.0,1.7,200,SA,600.0,1.7,455.2,569.0,35.0,74.0,-5.19672131147541,87.8360655737705,197.0,-31.096774193548388,Cunh-1982-18ht,1,0
40,0.1,0.12,1.2,0.013,0.024,0.0,0.0,0.0,0.0,0.0,0.0,0.0,377.8222222222222,0.0,89.0,42.0,16.1875,60.0,0.0,73.60119999999999,150.0,619.8364485981308,31.66355140186916,1.0,1.7,200,SA,0.0,0.0,519.9,593.5,30.0,72.0,-5.19672131147541,87.8360655737705,172.0,-31.096774193548388,Cunh-1982-19aw,1,0
41,0.1,0.12,1.2,0.013,0.024,0.0,0.0,0.0,0.0,0.0,0.0,0.0,377.8222222222222,0.0,89.0,42.0,16.1875,60.0,0.0,73.60119999999999,150.0,619.8364485981308,31.66355140186916,1.0,1.7,200,SA,600.0,2.3,390.1,487.6,37.0,77.0,-5.19672131147541,87.8360655737705,189.0,-31.096774193548388,Cunh-1982-19ht,1,0
42,0.094,0.31,1.32,0.009,0.017,0.05,0.04,0.01,0.01,0.11,0.0,0.0,233.0,100.0,95.0,140.0,10.0,100.0,100.0,100.0,100.0,550.0,28.0,1.0,3.6,100,SA,0.0,0.0,429.0,537.0,22.0,75.0,-15.0,70.0,217.86666666666667,-10.0,Wats-1981-AWO,1,0
43,0.11,0.36,1.61,0.017,0.03,0.06,0.052,0.02,0.01,0.12,0.0,0.0,305.0,100.0,95.0,140.0,10.0,200.0,100.0,100.0,100.0,550.0,28.0,1.0,3.6,100,SA,0.0,0.0,542.0,625.0,19.0,64.0,-7.0,70.0,217.86666666666667,-10.0,Wats-1981-BWO,1,0
44,0.1,0.28,1.42,0.011,0.024,0.09,0.08,0.04,0.01,0.15,0.0,0.0,430.0,100.0,150.0,150.0,10.0,300.0,200.0,200.0,200.0,550.0,28.0,1.0,3.6,100,SA,0.0,0.0,493.0,618.0,18.0,75.0,-6.0,70.0,217.86666666666667,-10.0,Wats-1981-CWO,1,0
45,0.08,0.25,1.35,0.009,0.017,0.09,0.07,0.01,0.01,0.14,0.0,0.0,392.0,100.0,122.0,120.0,10.0,200.0,100.0,100.0,100.0,550.0,28.0,1.0,3.6,100,SA,0.0,0.0,547.0,635.0,15.0,66.0,-18.0,70.0,217.86666666666667,-15.0,Wats-1981-DWO,1,0
46,0.1,0.31,1.37,0.02,0.028,0.08,0.06,0.02,0.01,0.15,0.0,0.0,336.0,100.0,99.0,130.0,10.0,300.0,200.0,100.0,100.0,550.0,28.0,1.0,3.6,100,SA,0.0,0.0,498.0,621.0,16.0,70.0,16.0,70.0,217.86666666666667,5.0,Wats-1981-EWO,1,0
47,0.076,0.28,1.27,0.012,0.02,0.1,0.06,0.01,0.01,0.15,0.0,0.0,435.0,100.0,121.0,160.0,10.0,300.0,200.0,100.0,100.0,550.0,28.0,1.0,3.6,100,SA,0.0,0.0,503.0,625.0,17.0,72.0,-5.0,70.0,217.86666666666667,-10.0,Wats-1981-FWO,1,0
48,0.094,0.18,1.05,0.013,0.017,0.1,0.05,0.01,0.01,0.11,0.0,0.0,511.0,100.0,100.0,50.0,10.0,100.0,100.0,100.0,100.0,550.0,28.0,1.0,3.6,100,SA,0.0,0.0,380.0,486.0,22.0,75.0,1.0,70.0,217.86666666666667,5.0,Wats-1981-AW5,1,0
49,0.094,0.16,1.01,0.018,0.026,0.13,0.05,0.01,0.01,0.11,0.0,0.0,569.0,100.0,102.0,50.0,10.0,100.0,100.0,100.0,100.0,550.0,28.0,1.0,3.6,100,SA,0.0,0.0,402.0,498.0,18.0,70.0,7.0,70.0,217.86666666666667,0.0,Wats-1981-BW5,1,0
50,0.09,0.15,1.18,0.012,0.018,0.13,0.08,0.03,0.01,0.14,0.0,0.0,621.0,100.0,131.0,50.0,10.0,200.0,100.0,100.0,100.0,550.0,28.0,1.0,3.6,100,SA,0.0,0.0,427.0,518.0,18.0,75.0,30.0,70.0,217.86666666666667,15.0,Wats-1981-CW5,1,0
51,0.072,0.11,0.85,0.015,0.017,0.14,0.07,0.01,0.01,0.14,0.0,0.0,543.0,100.0,119.0,50.0,10.0,100.0,100.0,100.0,100.0,550.0,28.0,1.0,3.6,100,SA,0.0,0.0,436.0,525.0,15.0,77.0,38.0,70.0,217.86666666666667,30.0,Wats-1981-DW5,1,0
52,0.081,0.16,0.97,0.021,0.024,0.15,0.07,0.02,0.01,0.19,0.0,0.0,584.0,100.0,95.0,50.0,10.0,200.0,200.0,100.0,100.0,550.0,28.0,1.0,3.6,100,SA,0.0,0.0,451.0,545.0,25.735625,74.0,12.0,70.0,217.86666666666667,10.0,Wats-1981-EW5,1,0
53,0.076,0.19,1.16,0.02,0.02,0.17,0.07,0.02,0.02,0.17,0.0,0.0,609.0,100.0,131.0,50.0,10.0,200.0,200.0,200.0,100.0,550.0,28.0,1.0,3.6,100,SA,0.0,0.0,441.0,557.0,16.0,69.0,34.0,70.0,217.86666666666667,25.0,Wats-1981-FW5,1,0
54,0.125,0.26,1.34,0.012,0.013,0.07,0.05,0.003,0.005,0.1498989898989899,0.0,0.0,253.0,5.0,89.0,183.1875,16.1875,180.0,53.88681818181818,73.60119999999999,36.9378125,850.0,35.0,1.0,7.9,300,SA,0.0,0.0,505.0,589.0,25.735625,71.0,-5.19672131147541,87.8360655737705,217.86666666666667,-31.096774193548388,Stil-TiB-1978-1.5Mn/OP41TT,1,0
55,0.13,0.3,1.4,0.01,0.012,0.07,0.06,0.005,0.002,0.1498989898989899,0.0,0.0,430.0,0.5,95.0,183.1875,16.1875,180.0,53.88681818181818,73.60119999999999,36.9378125,850.0,35.0,1.0,7.9,300,SA,0.0,0.0,530.0,620.0,25.735625,63.0,-5.19672131147541,87.8360655737705,217.86666666666667,-31.096774193548388,Stil-TiB-1978-1.5Mn/BX200,1,0
56,0.11,0.26,1.3,0.013,0.017,0.06,0.04,0.003,0.005,0.1498989898989899,0.0,0.0,236.0,10.0,83.0,183.1875,16.1875,180.0,53.88681818181818,73.60119999999999,36.9378125,850.0,35.0,1.0,7.9,300,SA,0.0,0.0,460.0,584.0,25.735625,65.0,-5.19672131147541,87.8360655737705,217.86666666666667,-31.096774193548388,Stil-TiB-1978-1.5Mn/OP121TT,1,0
57,0.105,0.28,1.46,0.013,0.015,0.08,0.02,0.005,0.002,0.1498989898989899,0.0,0.0,357.0,5.0,92.0,183.1875,16.1875,160.0,53.88681818181818,73.60119999999999,36.9378125,850.0,35.0,1.0,7.9,300,SA,0.0,0.0,471.0,575.0,25.735625,66.0,-5.19672131147541,87.8360655737705,217.86666666666667,-31.096774193548388,Stil-TiB-1978-1.5Mn/OP122,1,0
58,0.115,0.22,1.3,0.012,0.016,0.13,0.05,0.005,0.059330845771144274,0.1498989898989899,0.0,0.0,255.0,78.78695652173913,99.0,183.1875,16.1875,160.0,53.88681818181818,73.60119999999999,36.9378125,850.0,35.0,1.0,7.9,300,SA,0.0,0.0,473.0,609.0,25.735625,60.0,-5.19672131147541,87.8360655737705,217.86666666666667,-31.096774193548388,Stil-TiB-1978-1.5Mn/OP41TT,1,0
59,0.115,0.26,1.5,0.01,0.014,0.06,0.05,0.009,0.005,0.1498989898989899,0.0,0.0,455.0,5.0,100.0,183.1875,16.1875,170.0,53.88681818181818,73.60119999999999,36.9378125,850.0,35.0,1.0,7.9,300,SA,0.0,0.0,465.0,571.0,25.735625,70.0,-5.19672131147541,87.8360655737705,217.86666666666667,-31.096774193548388,Stil-TiB-1978-1.5Mn/BX200,1,0
60,0.115,0.25,1.35,0.012,0.01,0.08,0.02,0.009,0.003,0.1498989898989899,0.0,0.0,260.0,78.78695652173913,94.0,183.1875,16.1875,170.0,53.88681818181818,73.60119999999999,36.9378125,850.0,35.0,1.0,7.9,300,SA,0.0,0.0,465.0,587.0,25.735625,69.0,-5.19672131147541,87.8360655737705,217.86666666666667,-31.096774193548388,Stil-TiB-1978-1.5Mn/OP121TT,1,0
61,0.105,0.3,1.5,0.018,0.011,0.08,0.03,0.011,0.0005,0.1498989898989899,0.0,0.0,370.0,78.78695652173913,95.0,183.1875,16.1875,150.0,53.88681818181818,73.60119999999999,36.9378125,850.0,35.0,1.0,7.9,300,SA,0.0,0.0,423.0,564.0,25.735625,71.0,-5.19672131147541,87.8360655737705,217.86666666666667,-31.096774193548388,Stil-TiB-1978-1.5Mn/OP122,1,0
62,0.1055,0.23,1.21,0.012,0.012,0.07,0.03,0.17,0.002,0.1498989898989899,0.0,0.0,218.0,120.0,101.0,183.1875,16.0,118.4020618556701,53.88681818181818,73.60119999999999,36.9378125,850.0,35.0,1.0,7.9,300,SA,0.0,0.0,504.0,589.0,25.735625,69.0,-5.19672131147541,87.8360655737705,217.86666666666667,-31.096774193548388,Stil-TiB-1978-TiBMo/OP41TT,1,0
63,0.105,0.24,1.39,0.012,0.012,0.07,0.03,0.15,0.003,0.1498989898989899,0.0,0.0,411.0,100.0,103.0,183.1875,20.0,190.0,53.88681818181818,73.60119999999999,36.9378125,850.0,35.0,1.0,7.9,300,SA,0.0,0.0,496.0,604.0,25.735625,65.0,-5.19672131147541,87.8360655737705,217.86666666666667,-31.096774193548388,Stil-TiB-1978-1978-TiBMo/BX200,1,0
64,0.12,0.26,1.33,0.012,0.017,0.06,0.03,0.12,0.002,0.1498989898989899,0.0,0.0,255.0,120.0,96.0,183.1875,13.0,118.4020618556701,53.88681818181818,73.60119999999999,36.9378125,850.0,35.0,1.0,7.9,300,SA,0.0,0.0,508.0,604.0,25.735625,67.0,-5.19672131147541,87.8360655737705,217.86666666666667,-31.096774193548388,Stil-TiB-1978-1978-TiBMo/OP121TT,1,0
65,0.105,0.26,1.32,0.021,0.014,0.06,0.03,0.125,0.002,0.1498989898989899,0.0,0.0,362.0,100.0,101.0,183.1875,22.0,180.0,53.88681818181818,73.60119999999999,36.9378125,850.0,35.0,1.0,7.9,300,SA,0.0,0.0,549.0,629.0,25.735625,60.0,-5.19672131147541,87.8360655737705,217.86666666666667,-31.096774193548388,Stil-TiB-1978-TiBMo/OP122,1,0
66,0.12,0.25,1.26,0.01,0.013,0.06,0.03,0.145,0.002,0.1498989898989899,0.0,0.0,262.0,110.0,119.0,183.1875,20.0,160.0,53.88681818181818,73.60119999999999,36.9378125,850.0,35.0,1.0,7.9,300,SA,0.0,0.0,529.0,612.0,25.735625,61.0,-5.19672131147541,87.8360655737705,217.86666666666667,-31.096774193548388,Stil-TiB-1978-TiBMo/OP41TT,1,0
67,0.1,0.26,1.38,0.01,0.011,0.07,0.03,0.14,0.002,0.1498989898989899,0.0,0.0,416.0,120.0,116.0,183.1875,22.0,100.0,53.88681818181818,73.60119999999999,36.9378125,850.0,35.0,1.0,7.9,300,SA,0.0,0.0,460.0,583.0,25.735625,63.0,-5.19672131147541,87.8360655737705,217.86666666666667,-31.096774193548388,Stil-TiB-1978-TiBMo/BX200,1,0
68,0.11,0.25,1.28,0.01,0.012,0.07,0.03,0.15,0.003,0.1498989898989899,0.0,0.0,253.0,115.0,107.0,183.1875,21.0,180.0,53.88681818181818,73.60119999999999,36.9378125,850.0,35.0,1.0,7.9,300,SA,0.0,0.0,533.0,615.0,25.735625,62.0,-5.19672131147541,87.8360655737705,217.86666666666667,-31.096774193548388,Stil-TiB-1978-TiBMo/OP121TT,1,0
69,0.09,0.21,1.39,0.013,0.01,0.06,0.03,0.185,0.001,0.1498989898989899,0.0,0.0,340.0,120.0,108.0,183.1875,22.0,190.0,53.88681818181818,73.60119999999999,36.9378125,850.0,35.0,1.0,7.9,300,SA,0.0,0.0,479.0,587.0,25.735625,68.0,-5.19672131147541,87.8360655737705,217.86666666666667,-31.096774193548388,Stil-TiB-1978-TiBMo/OP122,1,0
70,0.12,0.29,1.46,0.025,0.028,0.056,0.056,0.005,0.12,0.09,0.0,0.0,377.8222222222222,50.0,90.80927835051547,180.0,16.1875,40.0,50.0,73.60119999999999,36.9378125,650.0,33.0,1.0,3.3,300,SA,0.0,0.0,570.0,613.2878378378379,29.0,68.0,-5.19672131147541,87.8360655737705,217.86666666666667,-31.096774193548388,Gar&K-1975-25mm-1aw,1,0
71,0.12,0.29,1.46,0.025,0.028,0.056,0.056,0.005,0.12,0.09,0.0,0.0,377.8222222222222,50.0,90.80927835051547,180.0,16.1875,40.0,50.0,73.60119999999999,36.9378125,650.0,33.0,1.0,3.3,300,SA,293.17596566523605,3.3355364806866956,605.0,613.2878378378379,16.0,48.0,-5.19672131147541,87.8360655737705,217.86666666666667,-31.096774193548388,Gar&K-1975-25mm-1ht,1,0
72,0.11,0.45,1.67,0.014,0.02,0.042,0.04,0.005,0.096,0.11,0.0,0.0,377.8222222222222,70.0,90.80927835051547,240.0,16.1875,50.0,90.0,73.60119999999999,36.9378125,650.0,33.0,1.0,3.3,300,SA,0.0,0.0,600.0,613.2878378378379,30.0,68.0,-5.19672131147541,87.8360655737705,217.86666666666667,-31.096774193548388,Gar&K-1975-25mm-2aw,1,0
73,0.11,0.45,1.67,0.014,0.02,0.042,0.04,0.005,0.096,0.11,0.0,0.0,377.8222222222222,70.0,90.80927835051547,240.0,16.1875,50.0,90.0,73.60119999999999,36.9378125,650.0,33.0,1.0,3.3,300,SA,293.17596566523605,3.3355364806866956,665.0,613.2878378378379,29.0,66.0,-5.19672131147541,87.8360655737705,217.86666666666667,-31.096774193548388,Gar&K-1975-25mm-2ht,1,0
74,0.15,0.3,1.57,0.026,0.028,0.07,0.059,0.11,0.122,0.093,0.0,0.0,377.8222222222222,60.0,90.80927835051547,170.0,16.1875,60.0,60.0,73.60119999999999,36.9378125,650.0,33.0,1.0,3.3,300,SA,0.0,0.0,661.0,613.2878378378379,20.0,68.0,-5.19672131147541,87.8360655737705,217.86666666666667,-31.096774193548388,Gar&K-1975-25mm-3aw,1,0
75,0.15,0.3,1.57,0.026,0.028,0.07,0.059,0.11,0.122,0.093,0.0,0.0,377.8222222222222,60.0,90.80927835051547,170.0,16.1875,60.0,60.0,73.60119999999999,36.9378125,650.0,33.0,1.0,3.3,300,SA,293.17596566523605,3.3355364806866956,715.0,613.2878378378379,16.0,62.0,-5.19672131147541,87.8360655737705,217.86666666666667,-31.096774193548388,Gar&K-1975-25mm-3ht,1,0
76,0.14,0.33,1.67,0.02,0.026,0.07,0.066,0.188,0.098,0.01,0.0,0.0,377.8222222222222,80.0,90.80927835051547,160.0,16.1875,80.0,70.0,73.60119999999999,36.9378125,650.0,33.0,1.0,3.3,300,SA,0.0,0.0,690.0,613.2878378378379,15.0,62.0,-5.19672131147541,87.8360655737705,217.86666666666667,-31.096774193548388,Gar&K-1975-25mm-4aw,1,0
77,0.14,0.33,1.67,0.02,0.026,0.07,0.066,0.188,0.098,0.01,0.0,0.0,377.8222222222222,80.0,90.80927835051547,160.0,16.1875,80.0,70.0,73.60119999999999,36.9378125,650.0,33.0,1.0,3.3,300,SA,293.17596566523605,3.3355364806866956,784.0,613.2878378378379,17.0,64.0,-5.19672131147541,87.8360655737705,217.86666666666667,-31.096774193548388,Gar&K-1975-25mm-4ht,1,0
78,0.13,0.3,1.38,0.014,0.028,0.058,0.06,0.005,0.095,0.08,0.0,0.0,377.8222222222222,60.0,90.80927835051547,150.0,16.1875,50.0,50.0,73.60119999999999,36.9378125,850.0,38.0,1.0,7.6,300,SA,0.0,0.0,530.0,613.2878378378379,14.0,60.0,-5.19672131147541,87.8360655737705,217.86666666666667,-31.096774193548388,Gar&K-1975-25mm-5aw,1,0
79,0.13,0.3,1.38,0.014,0.028,0.058,0.06,0.005,0.095,0.08,0.0,0.0,377.8222222222222,60.0,90.80927835051547,150.0,16.1875,50.0,50.0,73.60119999999999,36.9378125,850.0,38.0,1.0,7.6,300,SA,293.17596566523605,3.3355364806866956,588.0,613.2878378378379,25.0,50.0,-5.19672131147541,87.8360655737705,217.86666666666667,-31.096774193548388,Gar&K-1975-25mm-5ht,1,0
80,0.12,0.34,1.67,0.024,0.03,0.053,0.06,0.005,0.115,0.06,0.0,0.0,377.8222222222222,60.0,90.80927835051547,160.0,16.1875,50.0,50.0,73.60119999999999,36.9378125,850.0,38.0,1.0,7.6,300,SA,0.0,0.0,521.0,613.2878378378379,30.0,60.0,-5.19672131147541,87.8360655737705,217.86666666666667,-31.096774193548388,Gar&K-1975-25mm-6aw,1,0
81,0.12,0.34,1.67,0.024,0.03,0.053,0.06,0.005,0.115,0.06,0.0,0.0,377.8222222222222,60.0,90.80927835051547,160.0,16.1875,50.0,50.0,73.60119999999999,36.9378125,850.0,38.0,1.0,7.6,300,SA,293.17596566523605,3.3355364806866956,604.0,613.2878378378379,30.0,48.0,-5.19672131147541,87.8360655737705,217.86666666666667,-31.096774193548388,Gar&K-1975-25mm-6ht,1,0
82,0.13,0.27,1.46,0.011,0.026,0.068,0.062,0.26,0.103,0.105,0.0,0.0,377.8222222222222,60.0,90.80927835051547,150.0,16.1875,50.0,50.0,73.60119999999999,36.9378125,850.0,38.0,1.0,7.6,300,SA,0.0,0.0,641.0,613.2878378378379,32.0,50.0,-5.19672131147541,87.8360655737705,217.86666666666667,-31.096774193548388,Gar&K-1975-25mm-7aw,1,0
83,0.13,0.27,1.46,0.011,0.026,0.068,0.062,0.26,0.103,0.105,0.0,0.0,377.8222222222222,60.0,90.80927835051547,150.0,16.1875,50.0,50.0,73.60119999999999,36.9378125,850.0,38.0,1.0,7.6,300,SA,293.17596566523605,3.3355364806866956,720.0,613.2878378378379,15.0,55.0,-5.19672131147541,87.8360655737705,217.86666666666667,-31.096774193548388,Gar&K-1975-25mm-7ht,1,0
84,0.1,0.28,1.45,0.023,0.037,0.065,0.058,0.24,0.11,0.09,0.0,0.0,377.8222222222222,50.0,90.80927835051547,170.0,16.1875,50.0,40.0,73.60119999999999,36.9378125,850.0,38.0,1.0,7.6,300,SA,0.0,0.0,620.0,613.2878378378379,15.0,55.0,-5.19672131147541,87.8360655737705,217.86666666666667,-31.096774193548388,Gar&K-1975-25mm-8aw,1,0
85,0.1,0.28,1.45,0.023,0.037,0.065,0.058,0.24,0.11,0.09,0.0,0.0,377.8222222222222,50.0,90.80927835051547,170.0,16.1875,50.0,40.0,73.60119999999999,36.9378125,850.0,38.0,1.0,7.6,300,SA,293.17596566523605,3.3355364806866956,740.0,613.2878378378379,21.0,60.0,-5.19672131147541,87.8360655737705,217.86666666666667,-31.096774193548388,Gar&K-1975-25mm-8ht,1,0
86,0.11,0.28,1.39,0.009,0.017,0.065,0.069,0.008,0.032,0.12,0.0,0.0,377.8222222222222,50.0,90.80927835051547,180.0,16.1875,50.0,10.0,73.60119999999999,36.9378125,650.0,33.0,1.0,3.3,300,SA,0.0,0.0,525.0,613.2878378378379,31.0,62.0,-5.19672131147541,87.8360655737705,217.86666666666667,-31.096774193548388,Gar&K-1975-25mm-9aw,1,0
87,0.11,0.28,1.39,0.009,0.017,0.065,0.069,0.008,0.032,0.12,0.0,0.0,377.8222222222222,50.0,90.80927835051547,180.0,16.1875,50.0,10.0,73.60119999999999,36.9378125,650.0,33.0,1.0,3.3,300,SA,293.17596566523605,3.3355364806866956,540.0,613.2878378378379,26.0,70.0,-5.19672131147541,87.8360655737705,217.86666666666667,-31.096774193548388,Gar&K-1975-25mm-9ht,1,0
88,0.1,0.38,1.58,0.013,0.016,0.046,0.053,0.006,0.032,0.12,0.0,0.0,377.8222222222222,60.0,90.80927835051547,180.0,16.1875,50.0,10.0,73.60119999999999,36.9378125,650.0,33.0,1.0,3.3,300,SA,0.0,0.0,540.0,613.2878378378379,30.0,60.0,-5.19672131147541,87.8360655737705,217.86666666666667,-31.096774193548388,Gar&K-1975-25mm-10aw,1,0
89,0.1,0.38,1.58,0.013,0.016,0.046,0.053,0.006,0.032,0.12,0.0,0.0,377.8222222222222,60.0,90.80927835051547,180.0,16.1875,50.0,10.0,73.60119999999999,36.9378125,650.0,33.0,1.0,3.3,300,SA,293.17596566523605,3.3355364806866956,580.0,613.2878378378379,30.0,66.0,-5.19672131147541,87.8360655737705,217.86666666666667,-31.096774193548388,Gar&K-1975-25mm-10ht,1,0
90,0.12,0.3,1.51,0.006,0.013,0.09,0.07,0.27,0.036,0.15,0.0,0.0,377.8222222222222,50.0,90.80927835051547,160.0,16.1875,50.0,10.0,73.60119999999999,36.9378125,650.0,33.0,1.0,3.3,300,SA,0.0,0.0,592.0,613.2878378378379,27.0,68.0,-5.19672131147541,87.8360655737705,217.86666666666667,-31.096774193548388,Gar&K-1975-25mm-11aw,1,0
91,0.12,0.3,1.51,0.006,0.013,0.09,0.07,0.27,0.036,0.15,0.0,0.0,377.8222222222222,50.0,90.80927835051547,160.0,16.1875,50.0,10.0,73.60119999999999,36.9378125,650.0,33.0,1.0,3.3,300,SA,293.17596566523605,3.3355364806866956,630.0,613.2878378378379,32.0,76.0,-5.19672131147541,87.8360655737705,217.86666666666667,-31.096774193548388,Gar&K-1975-25mm-11ht,1,0
92,0.1,0.41,1.83,0.009,0.014,0.095,0.078,0.3,0.041,0.16,0.0,0.0,377.8222222222222,70.0,90.80927835051547,190.0,16.1875,50.0,11.0,73.60119999999999,36.9378125,650.0,33.0,1.0,3.3,300,SA,0.0,0.0,610.0,613.2878378378379,35.0,68.0,-5.19672131147541,87.8360655737705,217.86666666666667,-31.096774193548388,Gar&K-1975-25mm-12aw,1,0
93,0.1,0.41,1.83,0.009,0.014,0.095,0.078,0.3,0.041,0.16,0.0,0.0,377.8222222222222,70.0,90.80927835051547,190.0,16.1875,50.0,11.0,73.60119999999999,36.9378125,650.0,33.0,1.0,3.3,300,SA,293.17596566523605,3.3355364806866956,692.0,613.2878378378379,30.0,60.0,-5.19672131147541,87.8360655737705,217.86666666666667,-31.096774193548388,Gar&K-1975-25mm-12ht,1,0
94,0.12,0.3,1.4,0.016,0.075,0.14,0.11,0.025,0.005,0.25,0.0,0.0,377.8222222222222,78.78695652173913,90.80927835051547,150.0,16.1875,50.0,53.88681818181818,73.60119999999999,36.9378125,650.0,33.0,1.0,3.3,300,SA,0.0,0.0,426.0,613.2878378378379,21.0,54.0,-5.19672131147541,87.8360655737705,217.86666666666667,-31.096774193548388,Gar&K-1975-25mm-13aw,1,0
95,0.12,0.3,1.4,0.016,0.075,0.14,0.11,0.025,0.005,0.25,0.0,0.0,377.8222222222222,78.78695652173913,90.80927835051547,150.0,16.1875,50.0,53.88681818181818,73.60119999999999,36.9378125,650.0,33.0,1.0,3.3,300,SA,293.17596566523605,3.3355364806866956,431.0,613.2878378378379,27.0,62.0,-5.19672131147541,87.8360655737705,217.86666666666667,-31.096774193548388,Gar&K-1975-25mm-13ht,1,0
96,0.08,0.3,1.35,0.013,0.014,0.03,0.03,0.005,0.046,0.043,0.0,0.0,420.0,50.0,90.0,230.0,16.1875,150.0,53.88681818181818,73.60119999999999,36.9378125,650.0,33.0,1.0,3.3,300,SA,0.0,0.0,500.0,707.0,23.0,55.0,-5.19672131147541,87.8360655737705,217.86666666666667,-31.096774193548388,Gar&K-1975-12mm-14aw,1,0
97,0.08,0.3,1.35,0.013,0.014,0.03,0.03,0.005,0.046,0.043,0.0,0.0,420.0,50.0,90.0,230.0,16.1875,150.0,53.88681818181818,73.60119999999999,36.9378125,650.0,33.0,1.0,3.3,300,SA,600.0,0.75,522.0,670.0,26.0,63.0,-5.19672131147541,87.8360655737705,217.86666666666667,-31.096774193548388,Gar&K-1975-12mm-14ht,1,0
98,0.08,0.28,1.39,0.011,0.015,0.028,0.03,0.17,0.049,0.044,0.0,0.0,340.0,50.0,54.0,120.0,16.1875,150.0,53.88681818181818,73.60119999999999,36.9378125,650.0,33.0,1.0,3.3,300,SA,0.0,0.0,562.0,694.0,22.0,55.0,-5.19672131147541,87.8360655737705,217.86666666666667,-31.096774193548388,Gar&K-1975-12mm-15aw,1,0
99,0.08,0.28,1.39,0.011,0.015,0.028,0.03,0.17,0.049,0.044,0.0,0.0,340.0,50.0,54.0,120.0,16.1875,150.0,53.88681818181818,73.60119999999999,36.9378125,650.0,33.0,1.0,3.3,300,SA,600.0,0.75,642.0,732.0,22.0,58.0,-5.19672131147541,87.8360655737705,217.86666666666667,-31.096774193548388,Gar&K-1975-12mm-15ht,1,0
100,0.08,0.29,1.33,0.01,0.017,0.032,0.03,0.43,0.05,0.053,0.0,0.0,450.0,50.0,95.0,100.0,16.1875,150.0,53.88681818181818,73.60119999999999,36.9378125,650.0,33.0,1.0,3.3,300,SA,0.0,0.0,562.0,692.0,21.0,59.0,-5.19672131147541,87.8360655737705,217.86666666666667,-31.096774193548388,Gar&K-1975-12mm-16aw,1,0
101,0.08,0.29,1.33,0.01,0.017,0.032,0.03,0.43,0.05,0.053,0.0,0.0,450.0,50.0,95.0,100.0,16.1875,150.0,53.88681818181818,73.60119999999999,36.9378125,650.0,33.0,1.0,3.3,300,SA,600.0,0.75,701.0,766.0,22.0,52.0,-5.19672131147541,87.8360655737705,217.86666666666667,-31.096774193548388,Gar&K-1975-12mm-16ht,1,0
102,0.16,0.13,1.06,0.028,0.013,0.03,0.02,0.005,0.005,0.048,0.0,0.0,410.0,50.0,67.0,120.0,16.1875,50.0,53.88681818181818,73.60119999999999,36.9378125,650.0,33.0,1.0,3.3,300,SA,0.0,0.0,355.0,524.0,27.0,50.0,-5.19672131147541,87.8360655737705,217.86666666666667,-31.096774193548388,Gar&K-1975-12mm-17aw,1,0
103,0.16,0.13,1.06,0.028,0.013,0.03,0.02,0.005,0.005,0.048,0.0,0.0,410.0,50.0,67.0,120.0,16.1875,50.0,53.88681818181818,73.60119999999999,36.9378125,650.0,33.0,1.0,3.3,300,SA,600.0,0.75,330.0,494.0,27.0,51.0,-5.19672131147541,87.8360655737705,217.86666666666667,-31.096774193548388,Gar&K-1975-12mm-17ht,1,0
104,0.12,0.26,1.4,0.012,0.014,0.057,0.05,0.009,0.056,0.106,0.0,0.0,420.0,50.0,138.0,140.0,16.1875,50.0,53.88681818181818,73.60119999999999,36.9378125,650.0,33.0,1.0,3.3,300,SA,0.0,0.0,522.0,689.0,28.0,60.0,-5.19672131147541,87.8360655737705,217.86666666666667,-31.096774193548388,Gar&K-1975-12mm-18aw,1,0
105,0.12,0.26,1.4,0.012,0.014,0.057,0.05,0.009,0.056,0.106,0.0,0.0,420.0,50.0,138.0,140.0,16.1875,50.0,53.88681818181818,73.60119999999999,36.9378125,650.0,33.0,1.0,3.3,300,SA,600.0,0.75,581.0,704.0,23.0,60.0,-5.19672131147541,87.8360655737705,217.86666666666667,-31.096774193548388,Gar&K-1975-12mm-18ht,1,0
106,0.11,0.26,1.44,0.008,0.012,0.069,0.056,0.01,0.105,0.076,0.0,0.0,410.0,50.0,145.0,170.0,16.1875,50.0,53.88681818181818,73.60119999999999,36.9378125,650.0,33.0,1.0,3.3,300,SA,0.0,0.0,577.0,716.0,26.0,61.0,-5.19672131147541,87.8360655737705,217.86666666666667,-31.096774193548388,Gar&K-1975-12mm-19aw,1,0
107,0.11,0.26,1.44,0.008,0.012,0.069,0.056,0.01,0.105,0.076,0.0,0.0,410.0,50.0,145.0,170.0,16.1875,50.0,53.88681818181818,73.60119999999999,36.9378125,650.0,33.0,1.0,3.3,300,SA,600.0,0.75,599.0,701.0,26.0,64.0,-5.19672131147541,87.8360655737705,217.86666666666667,-31.096774193548388,Gar&K-1975-12mm-19ht,1,0
108,0.16,0.12,1.04,0.027,0.012,0.027,0.02,0.15,0.005,0.041,0.0,0.0,420.0,50.0,67.0,90.0,16.1875,50.0,53.88681818181818,73.60119999999999,36.9378125,650.0,33.0,1.0,3.3,300,SA,0.0,0.0,405.0,577.0,20.0,32.0,-5.19672131147541,87.8360655737705,217.86666666666667,-31.096774193548388,Gar&K-1975-12mm-20aw,1,0
109,0.16,0.12,1.04,0.027,0.012,0.027,0.02,0.15,0.005,0.041,0.0,0.0,420.0,50.0,67.0,90.0,16.1875,50.0,53.88681818181818,73.60119999999999,36.9378125,650.0,33.0,1.0,3.3,300,SA,600.0,0.75,405.0,562.0,26.0,60.0,-5.19672131147541,87.8360655737705,217.86666666666667,-31.096774193548388,Gar&K-1975-12mm-20ht,1,0
110,0.1,0.35,1.54,0.009,0.016,0.06,0.049,0.18,0.057,0.11,0.0,0.0,420.0,50.0,138.0,160.0,16.1875,50.0,53.88681818181818,73.60119999999999,36.9378125,650.0,33.0,1.0,3.3,300,SA,0.0,0.0,556.0,704.0,25.0,58.0,-5.19672131147541,87.8360655737705,217.86666666666667,-31.096774193548388,Gar&K-1975-12mm-21aw,1,0
111,0.1,0.35,1.54,0.009,0.016,0.06,0.049,0.18,0.057,0.11,0.0,0.0,420.0,50.0,138.0,160.0,16.1875,50.0,53.88681818181818,73.60119999999999,36.9378125,650.0,33.0,1.0,3.3,300,SA,600.0,0.75,593.0,692.0,26.0,65.0,-5.19672131147541,87.8360655737705,217.86666666666667,-31.096774193548388,Gar&K-1975-12mm-21ht,1,0
112,0.11,0.27,1.47,0.008,0.012,0.07,0.054,0.22,0.095,0.072,0.0,0.0,480.0,50.0,139.0,220.0,16.1875,50.0,53.88681818181818,73.60119999999999,36.9378125,650.0,33.0,1.0,3.3,300,SA,0.0,0.0,556.0,716.0,25.0,63.0,-5.19672131147541,87.8360655737705,217.86666666666667,-31.096774193548388,Gar&K-1975-12mm-22aw,1,0
113,0.11,0.27,1.47,0.008,0.012,0.07,0.054,0.22,0.095,0.072,0.0,0.0,480.0,50.0,139.0,220.0,16.1875,50.0,53.88681818181818,73.60119999999999,36.9378125,650.0,33.0,1.0,3.3,300,SA,600.0,0.75,648.0,735.0,25.0,65.0,-5.19672131147541,87.8360655737705,217.86666666666667,-31.096774193548388,Gar&K-1975-12mm-22ht,1,0
114,0.16,0.12,1.0,0.032,0.014,0.028,0.02,0.39,0.005,0.043,0.0,0.0,450.0,50.0,62.0,120.0,16.1875,50.0,53.88681818181818,73.60119999999999,36.9378125,650.0,33.0,1.0,3.3,300,SA,0.0,0.0,599.0,670.0,25.0,55.0,-5.19672131147541,87.8360655737705,217.86666666666667,-31.096774193548388,Gar&K-1975-12mm-23aw,1,0
115,0.16,0.12,1.0,0.032,0.014,0.028,0.02,0.39,0.005,0.043,0.0,0.0,450.0,50.0,62.0,120.0,16.1875,50.0,53.88681818181818,73.60119999999999,36.9378125,650.0,33.0,1.0,3.3,300,SA,600.0,0.75,569.0,624.0,22.0,54.0,-5.19672131147541,87.8360655737705,217.86666666666667,-31.096774193548388,Gar&K-1975-12mm-23ht,1,0
116,0.12,0.33,1.47,0.014,0.014,0.06,0.05,0.39,0.055,0.11,0.0,0.0,400.0,50.0,136.0,150.0,16.1875,50.0,53.88681818181818,73.60119999999999,36.9378125,650.0,33.0,1.0,3.3,300,SA,0.0,0.0,574.0,744.0,24.0,55.0,-5.19672131147541,87.8360655737705,217.86666666666667,-31.096774193548388,Gar&K-1975-12mm-24aw,1,0
117,0.12,0.33,1.47,0.014,0.014,0.06,0.05,0.39,0.055,0.11,0.0,0.0,400.0,50.0,136.0,150.0,16.1875,50.0,53.88681818181818,73.60119999999999,36.9378125,650.0,33.0,1.0,3.3,300,SA,600.0,0.75,613.0,747.0,24.0,64.0,-5.19672131147541,87.8360655737705,217.86666666666667,-31.096774193548388,Gar&K-1975-12mm-24ht,1,0
118,0.11,0.25,1.33,0.008,0.011,0.067,0.053,0.44,0.097,0.072,0.0,0.0,440.0,50.0,145.0,180.0,16.1875,50.0,53.88681818181818,73.60119999999999,36.9378125,650.0,33.0,1.0,3.3,300,SA,0.0,0.0,559.0,735.0,25.0,62.0,-5.19672131147541,87.8360655737705,217.86666666666667,-31.096774193548388,Gar&K-1975-12mm-25aw,1,0
119,0.11,0.25,1.33,0.008,0.011,0.067,0.053,0.44,0.097,0.072,0.0,0.0,440.0,50.0,145.0,180.0,16.1875,50.0,53.88681818181818,73.60119999999999,36.9378125,650.0,33.0,1.0,3.3,300,SA,600.0,0.75,662.0,740.0,24.0,60.0,-5.19672131147541,87.8360655737705,217.86666666666667,-31.096774193548388,Gar&K-1975-12mm-25ht,1,0
126,0.12,0.3,1.4,0.016,0.025,0.14,0.11,0.025,0.059330845771144274,0.25,0.0,0.0,210.0,78.78695652173913,50.0,150.0,16.1875,50.0,53.88681818181818,73.60119999999999,36.9378125,650.0,33.0,1.0,3.3,300,SA,0.0,0.0,426.0,652.0,21.0,54.0,-5.19672131147541,87.8360655737705,217.86666666666667,-31.096774193548388,Ga&K-1975II-1aw,1,0
127,0.11,0.35,1.42,0.01,0.016,0.067,0.075,0.022,0.059330845771144274,0.17,0.0,0.0,260.0,78.78695652173913,80.0,180.0,16.1875,230.0,53.88681818181818,73.60119999999999,36.9378125,650.0,33.0,1.0,3.3,300,SA,0.0,0.0,493.0,649.0,25.0,60.0,-5.19672131147541,87.8360655737705,217.86666666666667,-31.096774193548388,Ga&K-1975II-2aw,1,0
128,0.11,0.33,1.41,0.019,0.023,0.065,0.082,0.016,0.059330845771144274,0.19,0.0,0.0,377.8222222222222,78.78695652173913,90.80927835051547,240.0,16.1875,180.0,53.88681818181818,73.60119999999999,36.9378125,450.0,30.0,1.0,1.9,300,SA,0.0,0.0,420.0,560.0,25.0,64.41988636363637,-5.19672131147541,87.8360655737705,217.86666666666667,-31.096774193548388,Ga&K-1975II-3aw,1,0
129,0.11,0.31,1.37,0.013,0.019,0.09,0.06,0.018,0.059330845771144274,0.18,0.0,0.0,377.8222222222222,78.78695652173913,90.80927835051547,220.0,16.1875,120.0,53.88681818181818,73.60119999999999,36.9378125,650.0,33.0,1.0,3.3,300,SA,0.0,0.0,488.0,618.0,26.0,60.0,-5.19672131147541,87.8360655737705,217.86666666666667,-31.096774193548388,Ga&K-1975II-4aw,1,0
130,0.15,0.31,1.23,0.015,0.02,0.06,0.065,0.02,0.059330845771144274,0.15,0.0,0.0,377.8222222222222,78.78695652173913,90.80927835051547,250.0,16.1875,200.0,53.88681818181818,73.60119999999999,36.9378125,850.0,38.0,1.0,7.6,300,SA,0.0,0.0,432.0,598.0,16.0,40.0,-5.19672131147541,87.8360655737705,217.86666666666667,-31.096774193548388,Ga&K-1975II-5aw,1,0
131,0.08,0.36,1.6,0.017,0.021,0.065,0.075,0.017,0.059330845771144274,0.18,0.0,0.0,377.8222222222222,78.78695652173913,90.80927835051547,300.0,16.1875,170.0,53.88681818181818,73.60119999999999,36.9378125,450.0,30.0,1.0,1.9,300,SA,0.0,0.0,457.0,556.0,25.0,60.0,-5.19672131147541,87.8360655737705,217.86666666666667,-31.096774193548388,Ga&K-1975II-6aw,1,0
132,0.09,0.4,1.6,0.016,0.016,0.04,0.055,0.015,0.059330845771144274,0.11,0.0,0.0,400.0,78.78695652173913,80.0,270.0,16.1875,150.0,53.88681818181818,73.60119999999999,36.9378125,650.0,33.0,1.0,3.3,300,SA,0.0,0.0,507.0,647.0,22.0,60.0,-5.19672131147541,87.8360655737705,217.86666666666667,-31.096774193548388,Ga&K-1975II-7aw,1,0
133,0.1,0.38,1.5,0.02,0.021,0.055,0.065,0.017,0.059330845771144274,0.14,0.0,0.0,377.8222222222222,78.78695652173913,90.80927835051547,310.0,16.1875,200.0,53.88681818181818,73.60119999999999,36.9378125,850.0,38.0,1.0,7.6,300,SA,0.0,0.0,452.0,581.0,18.0,50.0,-5.19672131147541,87.8360655737705,217.86666666666667,-31.096774193548388,Ga&K-1975II-8aw,1,0
134,0.12,0.29,1.5,0.008,0.017,0.085,0.075,0.3,0.059330845771144274,0.19,0.0,0.0,377.8222222222222,78.78695652173913,90.80927835051547,190.0,16.1875,100.0,53.88681818181818,73.60119999999999,36.9378125,650.0,33.0,1.0,3.3,300,SA,0.0,0.0,544.0,717.0,21.0,60.0,-5.19672131147541,87.8360655737705,217.86666666666667,-31.096774193548388,Ga&K-1975II-9aw,1,0
135,0.09,0.46,1.81,0.017,0.024,0.1,0.08,0.28,0.059330845771144274,0.21,0.0,0.0,340.0,78.78695652173913,100.0,260.0,16.1875,140.0,53.88681818181818,73.60119999999999,36.9378125,650.0,33.0,1.0,3.3,300,SA,0.0,0.0,620.0,712.0,22.0,58.0,-5.19672131147541,87.8360655737705,217.86666666666667,-31.096774193548388,Ga&K-1975II-10aw,1,0
137,0.11,0.14,0.73,0.002,0.005,0.1743918918918919,2.3,1.03,0.27,0.1498989898989899,0.0,0.0,254.0,78.78695652173913,26.0,183.1875,16.1875,200.0,53.88681818181818,73.60119999999999,36.9378125,500.0,29.0,0.0,2.9,200,SA,690.0,8.0,526.5390862944163,613.2878378378379,25.735625,64.41988636363637,-40.0,10.0,217.86666666666667,-31.096774193548388,Icici&-1992-CM1ch1,0,0
138,0.11,0.14,0.73,0.002,0.005,0.1743918918918919,2.3,1.03,0.27,0.1498989898989899,0.0,0.0,254.0,78.78695652173913,26.0,183.1875,16.1875,200.0,53.88681818181818,73.60119999999999,36.9378125,500.0,29.0,0.0,2.9,200,SA,690.0,8.0,526.5390862944163,613.2878378378379,25.735625,64.41988636363637,-40.0,12.0,217.86666666666667,-31.096774193548388,Icici&-1992-CM1ch2,0,0
139,0.11,0.14,0.73,0.002,0.005,0.1743918918918919,2.3,1.03,0.27,0.1498989898989899,0.0,0.0,254.0,78.78695652173913,26.0,183.1875,16.1875,200.0,53.88681818181818,73.60119999999999,36.9378125,500.0,29.0,0.0,2.9,200,SA,690.0,8.0,526.5390862944163,613.2878378378379,25.735625,64.41988636363637,-40.0,17.0,217.86666666666667,-31.096774193548388,Icici&-1992-CM1ch3,0,0
140,0.11,0.14,0.73,0.002,0.005,0.1743918918918919,2.3,1.03,0.27,0.1498989898989899,0.0,0.0,254.0,78.78695652173913,26.0,183.1875,16.1875,200.0,53.88681818181818,73.60119999999999,36.9378125,500.0,29.0,0.0,2.9,200,SA,690.0,8.0,526.5390862944163,613.2878378378379,25.735625,64.41988636363637,-20.0,13.0,217.86666666666667,-31.096774193548388,Icici&-1992-CM1ch4,0,0
141,0.11,0.14,0.73,0.002,0.005,0.1743918918918919,2.3,1.03,0.27,0.1498989898989899,0.0,0.0,254.0,78.78695652173913,26.0,183.1875,16.1875,200.0,53.88681818181818,73.60119999999999,36.9378125,500.0,29.0,0.0,2.9,200,SA,690.0,8.0,526.5390862944163,613.2878378378379,25.735625,64.41988636363637,-20.0,18.0,217.86666666666667,-31.096774193548388,Icici&-1992-CM1ch5,0,0
142,0.11,0.14,0.73,0.002,0.005,0.1743918918918919,2.3,1.03,0.27,0.1498989898989899,0.0,0.0,254.0,78.78695652173913,26.0,183.1875,16.1875,200.0,53.88681818181818,73.60119999999999,36.9378125,500.0,29.0,0.0,2.9,200,SA,690.0,8.0,526.5390862944163,613.2878378378379,25.735625,64.41988636363637,-20.0,22.0,217.86666666666667,-31.096774193548388,Icici&-1992-CM1ch6,0,0
145,0.12,0.14,1.03,0.002,0.006,0.1743918918918919,2.3,1.03,0.27,0.1498989898989899,0.0,0.0,166.0,78.78695652173913,22.0,183.1875,16.1875,200.0,53.88681818181818,73.60119999999999,36.9378125,500.0,29.0,0.0,2.9,200,SA,690.0,8.0,526.5390862944163,613.2878378378379,25.735625,64.41988636363637,-40.0,37.0,217.86666666666667,-31.096774193548388,Icici&-1992-CM2ch1,0,0
146,0.12,0.14,1.03,0.002,0.006,0.1743918918918919,2.3,1.03,0.27,0.1498989898989899,0.0,0.0,166.0,78.78695652173913,22.0,183.1875,16.1875,200.0,53.88681818181818,73.60119999999999,36.9378125,500.0,29.0,0.0,2.9,200,SA,690.0,8.0,526.5390862944163,613.2878378378379,25.735625,64.41988636363637,-40.0,53.0,217.86666666666667,-31.096774193548388,Icici&-1992-CM2ch2,0,0
147,0.12,0.14,1.03,0.002,0.006,0.1743918918918919,2.3,1.03,0.27,0.1498989898989899,0.0,0.0,166.0,78.78695652173913,22.0,183.1875,16.1875,200.0,53.88681818181818,73.60119999999999,36.9378125,500.0,29.0,0.0,2.9,200,SA,690.0,8.0,526.5390862944163,613.2878378378379,25.735625,64.41988636363637,-20.0,96.0,217.86666666666667,-31.096774193548388,Icici&-1992-CM2ch2,0,0
148,0.12,0.14,1.03,0.002,0.006,0.1743918918918919,2.3,1.03,0.27,0.1498989898989899,0.0,0.0,166.0,78.78695652173913,22.0,183.1875,16.1875,200.0,53.88681818181818,73.60119999999999,36.9378125,500.0,29.0,0.0,2.9,200,SA,690.0,8.0,526.5390862944163,613.2878378378379,25.735625,64.41988636363637,-20.0,149.0,217.86666666666667,-31.096774193548388,Icici&-1992-CM2ch4,0,0
149,0.12,0.14,1.03,0.002,0.006,0.1743918918918919,2.3,1.03,0.27,0.1498989898989899,0.0,0.0,166.0,78.78695652173913,22.0,183.1875,16.1875,200.0,53.88681818181818,73.60119999999999,36.9378125,500.0,29.0,0.0,2.9,200,SA,690.0,8.0,526.5390862944163,613.2878378378379,25.735625,64.41988636363637,-20.0,172.0,217.86666666666667,-31.096774193548388,Icici&-1992-CM2ch5,0,0
152,0.14,0.18,0.75,0.002,0.005,0.1743918918918919,2.3,1.01,0.27,0.1498989898989899,0.0,0.0,256.0,78.78695652173913,21.0,183.1875,16.1875,200.0,53.88681818181818,73.60119999999999,36.9378125,500.0,29.0,0.0,2.9,200,SA,690.0,8.0,526.5390862944163,613.2878378378379,25.735625,64.41988636363637,-40.0,24.0,217.86666666666667,-31.096774193548388,Icici&-1992-CM3ch1,0,0
153,0.14,0.18,0.75,0.002,0.005,0.1743918918918919,2.3,1.01,0.27,0.1498989898989899,0.0,0.0,256.0,78.78695652173913,21.0,183.1875,16.1875,200.0,53.88681818181818,73.60119999999999,36.9378125,500.0,29.0,0.0,2.9,200,SA,690.0,8.0,526.5390862944163,613.2878378378379,25.735625,64.41988636363637,-40.0,37.0,217.86666666666667,-31.096774193548388,Icici&-1992-CM3ch2,0,0
154,0.14,0.18,0.75,0.002,0.005,0.1743918918918919,2.3,1.01,0.27,0.1498989898989899,0.0,0.0,256.0,78.78695652173913,21.0,183.1875,16.1875,200.0,53.88681818181818,73.60119999999999,36.9378125,500.0,29.0,0.0,2.9,200,SA,690.0,8.0,526.5390862944163,613.2878378378379,25.735625,64.41988636363637,-40.0,52.0,217.86666666666667,-31.096774193548388,Icici&-1992-CM3ch3,0,0
155,0.14,0.18,0.75,0.002,0.005,0.1743918918918919,2.3,1.01,0.27,0.1498989898989899,0.0,0.0,256.0,78.78695652173913,21.0,183.1875,16.1875,200.0,53.88681818181818,73.60119999999999,36.9378125,500.0,29.0,0.0,2.9,200,SA,690.0,8.0,526.5390862944163,613.2878378378379,25.735625,64.41988636363637,-20.0,37.0,217.86666666666667,-31.096774193548388,Icici&-1992-CM3ch4,0,0
156,0.14,0.18,0.75,0.002,0.005,0.1743918918918919,2.3,1.01,0.27,0.1498989898989899,0.0,0.0,256.0,78.78695652173913,21.0,183.1875,16.1875,200.0,53.88681818181818,73.60119999999999,36.9378125,500.0,29.0,0.0,2.9,200,SA,690.0,8.0,526.5390862944163,613.2878378378379,25.735625,64.41988636363637,-20.0,80.0,217.86666666666667,-31.096774193548388,Icici&-1992-CM3ch5,0,0
158,0.12,0.14,1.34,0.002,0.008,0.1743918918918919,2.23,1.0,0.31,0.1498989898989899,0.0,0.0,292.0,78.78695652173913,37.0,183.1875,16.1875,200.0,53.88681818181818,73.60119999999999,36.9378125,500.0,29.0,0.0,2.9,200,SA,690.0,8.0,526.5390862944163,613.2878378378379,25.3,73.2,-5.19672131147541,87.8360655737705,217.86666666666667,-31.096774193548388,Icici&-1992-N1a,0,0
159,0.12,0.13,1.29,0.002,0.009,0.1743918918918919,2.26,0.99,0.3,0.1498989898989899,0.0,0.0,344.0,78.78695652173913,35.0,183.1875,16.1875,200.0,53.88681818181818,73.60119999999999,36.9378125,500.0,29.0,0.0,2.9,200,SA,690.0,24.0,526.5390862944163,613.2878378378379,21.8,70.7,-5.19672131147541,87.8360655737705,217.86666666666667,-31.096774193548388,Icici&-1992-N1b,0,0
160,0.12,0.15,1.36,0.002,0.008,0.1743918918918919,2.26,0.99,0.32,0.1498989898989899,0.0,0.0,243.0,78.78695652173913,101.0,183.1875,16.1875,200.0,53.88681818181818,73.60119999999999,36.9378125,500.0,29.0,0.0,2.9,200,SA,690.0,8.0,526.5390862944163,613.2878378378379,24.3,72.4,-5.19672131147541,87.8360655737705,217.86666666666667,-31.096774193548388,Icici&-1992-N2a,0,0
161,0.11,0.14,1.32,0.002,0.008,0.1743918918918919,2.27,1.0,0.32,0.1498989898989899,0.0,0.0,334.0,78.78695652173913,127.0,183.1875,16.1875,200.0,53.88681818181818,73.60119999999999,36.9378125,500.0,29.0,0.0,2.9,200,SA,690.0,24.0,526.5390862944163,613.2878378378379,22.4,69.1,-5.19672131147541,87.8360655737705,217.86666666666667,-31.096774193548388,Icici&-1992-N2b,0,0
162,0.12,0.13,1.23,0.002,0.008,0.1743918918918919,2.29,1.01,0.32,0.1498989898989899,0.0,0.0,303.0,78.78695652173913,166.0,183.1875,16.1875,200.0,53.88681818181818,73.60119999999999,36.9378125,500.0,29.0,0.0,2.9,200,SA,690.0,8.0,526.5390862944163,613.2878378378379,24.7,69.9,-5.19672131147541,87.8360655737705,217.86666666666667,-31.096774193548388,Icici&-1992-N3a,0,0
163,0.11,0.13,1.2,0.002,0.008,0.1743918918918919,2.26,1.0,0.31,0.1498989898989899,0.0,0.0,283.0,78.78695652173913,156.0,183.1875,16.1875,200.0,53.88681818181818,73.60119999999999,36.9378125,500.0,29.0,0.0,2.9,200,SA,690.0,24.0,526.5390862944163,613.2878378378379,21.6,69.8,-5.19672131147541,87.8360655737705,217.86666666666667,-31.096774193548388,Icici&-1992-N3b,0,0
164,0.12,0.15,1.28,0.002,0.008,0.1743918918918919,2.27,1.0,0.31,0.1498989898989899,0.0,0.0,237.0,78.78695652173913,245.0,183.1875,16.1875,200.0,53.88681818181818,73.60119999999999,36.9378125,500.0,29.0,0.0,2.9,200,SA,690.0,8.0,526.5390862944163,613.2878378378379,20.8,68.8,-5.19672131147541,87.8360655737705,217.86666666666667,-31.096774193548388,Icici&-1992-N4a,0,0
165,0.12,0.13,1.18,0.002,0.007,0.1743918918918919,2.26,1.0,0.31,0.1498989898989899,0.0,0.0,286.0,78.78695652173913,312.0,183.1875,16.1875,200.0,53.88681818181818,73.60119999999999,36.9378125,500.0,29.0,0.0,2.9,200,SA,690.0,24.0,526.5390862944163,613.2878378378379,21.7,67.0,-5.19672131147541,87.8360655737705,217.86666666666667,-31.096774193548388,Icici&-1992-N4b,0,0
166,0.084,0.415,1.24,0.011,0.015,0.05,0.037,0.385,0.059330845771144274,0.105,0.0,0.0,480.0,78.78695652173913,86.0,183.1875,16.1875,118.4020618556701,60.0,150.0,5.0,619.8364485981308,31.66355140186916,1.0,2.4,100,SA,550.0,1.83,529.0,635.0,25.6,70.0,-5.19672131147541,87.8360655737705,217.86666666666667,-31.096774193548388,Blond&-1984-A530a,1,0
167,0.084,0.415,1.24,0.011,0.015,0.05,0.037,0.385,0.059330845771144274,0.105,0.0,0.0,480.0,78.78695652173913,86.0,183.1875,16.1875,118.4020618556701,60.0,150.0,5.0,619.8364485981308,31.66355140186916,1.0,2.4,100,SA,550.0,1.83,473.0,605.0,28.8,73.0,-5.19672131147541,87.8360655737705,217.86666666666667,-31.096774193548388,Blond&-1984-A530b,1,0
168,0.084,0.415,1.24,0.011,0.015,0.05,0.037,0.385,0.059330845771144274,0.105,0.0,0.0,480.0,78.78695652173913,86.0,183.1875,16.1875,118.4020618556701,60.0,150.0,5.0,619.8364485981308,31.66355140186916,1.0,2.4,100,SA,550.0,1.83,557.0,658.0,23.8,68.5,-5.19672131147541,87.8360655737705,217.86666666666667,-31.096774193548388,Blond&-1984-A530c,1,0
169,0.084,0.415,1.24,0.011,0.015,0.05,0.037,0.385,0.059330845771144274,0.105,0.0,0.0,480.0,78.78695652173913,86.0,183.1875,16.1875,118.4020618556701,60.0,150.0,5.0,619.8364485981308,31.66355140186916,1.0,2.4,100,SA,550.0,1.83,526.5390862944163,613.2878378378379,25.735625,64.41988636363637,-40.0,96.0,217.86666666666667,-31.096774193548388,Blond&-1984-A530d,1,0
170,0.084,0.415,1.24,0.011,0.015,0.05,0.037,0.385,0.059330845771144274,0.105,0.0,0.0,480.0,78.78695652173913,86.0,183.1875,16.1875,118.4020618556701,60.0,150.0,5.0,619.8364485981308,31.66355140186916,1.0,2.4,100,SA,550.0,1.83,526.5390862944163,613.2878378378379,25.735625,64.41988636363637,-79.0,40.0,217.86666666666667,-31.096774193548388,Blond&-1984-A530e,1,0
171,0.084,0.415,1.24,0.011,0.015,0.05,0.037,0.385,0.059330845771144274,0.105,0.0,0.0,480.0,78.78695652173913,86.0,183.1875,16.1875,118.4020618556701,60.0,150.0,5.0,619.8364485981308,31.66355140186916,1.0,2.4,100,SA,550.0,1.83,526.5390862944163,613.2878378378379,25.735625,64.41988636363637,-5.19672131147541,87.8360655737705,217.86666666666667,-51.0,Blond&-1984-A530f,1,0
172,0.084,0.3,0.54,0.005,0.008,0.036,2.2,1.05,0.059330845771144274,0.035,0.0,0.0,660.0,78.78695652173913,66.0,183.1875,16.1875,118.4020618556701,40.0,70.0,4.0,619.8364485981308,31.66355140186916,1.0,2.4,175,SA,690.0,2.33,496.0,638.0,23.3,73.0,-5.19672131147541,87.8360655737705,217.86666666666667,-31.096774193548388,Blond&-1984-10CD9.10a,1,0
173,0.084,0.3,0.54,0.005,0.008,0.036,2.2,1.05,0.059330845771144274,0.035,0.0,0.0,660.0,78.78695652173913,66.0,183.1875,16.1875,118.4020618556701,40.0,70.0,4.0,619.8364485981308,31.66355140186916,1.0,2.4,175,SA,690.0,2.33,524.0,664.0,23.6,66.5,-5.19672131147541,87.8360655737705,217.86666666666667,-31.096774193548388,Blond&-1984-10CD9.10b,1,0
174,0.084,0.3,0.54,0.005,0.008,0.036,2.2,1.05,0.059330845771144274,0.035,0.0,0.0,660.0,78.78695652173913,66.0,183.1875,16.1875,118.4020618556701,40.0,70.0,4.0,619.8364485981308,31.66355140186916,1.0,2.4,175,SA,690.0,2.33,530.0,653.0,21.5,69.0,-5.19672131147541,87.8360655737705,217.86666666666667,-31.096774193548388,Blond&-1984-10CD9.10c,1,0
175,0.084,0.3,0.54,0.005,0.008,0.036,2.2,1.05,0.059330845771144274,0.035,0.0,0.0,660.0,78.78695652173913,66.0,183.1875,16.1875,118.4020618556701,40.0,70.0,4.0,619.8364485981308,31.66355140186916,1.0,2.4,175,SA,690.0,2.33,526.5390862944163,613.2878378378379,25.735625,64.41988636363637,0.0,118.0,217.86666666666667,-31.096774193548388,Blond&-1984-10CD9.10d,1,0
176,0.084,0.3,0.54,0.005,0.008,0.036,2.2,1.05,0.059330845771144274,0.035,0.0,0.0,660.0,78.78695652173913,66.0,183.1875,16.1875,118.4020618556701,40.0,70.0,4.0,619.8364485981308,31.66355140186916,1.0,2.4,175,SA,690.0,2.33,526.5390862944163,613.2878378378379,25.735625,64.41988636363637,-50.0,40.0,217.86666666666667,-31.096774193548388,Blond&-1984-10CD9.10e,1,0
177,0.084,0.3,0.54,0.005,0.008,0.036,2.2,1.05,0.059330845771144274,0.035,0.0,0.0,660.0,78.78695652173913,66.0,183.1875,16.1875,118.4020618556701,40.0,70.0,4.0,619.8364485981308,31.66355140186916,1.0,2.4,175,SA,690.0,2.33,526.5390862944163,613.2878378378379,25.735625,64.41988636363637,-5.19672131147541,87.8360655737705,217.86666666666667,-34.0,Blond&-1984-10CD9.10f,1,0
178,0.06,0.2,1.15,0.007,0.017,0.16,0.052,0.45,0.059330845771144274,0.128,0.0,0.0,350.0,78.78695652173913,97.0,183.1875,16.1875,118.4020618556701,140.0,160.0,15.0,619.8364485981308,31.66355140186916,1.0,2.4,125,SA,605.0,1.92,598.0,678.0,24.5,74.0,-5.19672131147541,87.8360655737705,217.86666666666667,-31.096774193548388,Blond&-1984-14MNDV5a,1,0
179,0.06,0.2,1.15,0.007,0.017,0.16,0.052,0.45,0.059330845771144274,0.128,0.0,0.0,350.0,78.78695652173913,97.0,183.1875,16.1875,118.4020618556701,140.0,160.0,15.0,619.8364485981308,31.66355140186916,1.0,2.4,125,SA,605.0,1.92,663.0,730.0,22.5,66.5,-5.19672131147541,87.8360655737705,217.86666666666667,-31.096774193548388,Blond&-1984-14MNDV5b,1,0
180,0.06,0.2,1.15,0.007,0.017,0.16,0.052,0.45,0.059330845771144274,0.128,0.0,0.0,350.0,78.78695652173913,97.0,183.1875,16.1875,118.4020618556701,140.0,160.0,15.0,619.8364485981308,31.66355140186916,1.0,2.4,125,SA,605.0,1.92,630.0,708.0,24.8,63.0,-5.19672131147541,87.8360655737705,217.86666666666667,-31.096774193548388,Blond&-1984-14MNDV5c,1,0
181,0.06,0.2,1.15,0.007,0.017,0.16,0.052,0.45,0.059330845771144274,0.128,0.0,0.0,350.0,78.78695652173913,97.0,183.1875,16.1875,118.4020618556701,140.0,160.0,15.0,619.8364485981308,31.66355140186916,1.0,2.4,125,SA,605.0,1.92,526.5390862944163,613.2878378378379,25.735625,64.41988636363637,-10.0,80.0,217.86666666666667,-31.096774193548388,Blond&-1984-14MNDV5d,1,0
182,0.06,0.2,1.15,0.007,0.017,0.16,0.052,0.45,0.059330845771144274,0.128,0.0,0.0,350.0,78.78695652173913,97.0,183.1875,16.1875,118.4020618556701,140.0,160.0,15.0,619.8364485981308,31.66355140186916,1.0,2.4,125,SA,605.0,1.92,526.5390862944163,613.2878378378379,25.735625,64.41988636363637,-43.0,40.0,217.86666666666667,-31.096774193548388,Blond&-1984-14MNDV5e,1,0
183,0.06,0.2,1.15,0.007,0.017,0.16,0.052,0.45,0.059330845771144274,0.128,0.0,0.0,350.0,78.78695652173913,97.0,183.1875,16.1875,118.4020618556701,140.0,160.0,15.0,619.8364485981308,31.66355140186916,1.0,2.4,125,SA,605.0,1.92,526.5390862944163,613.2878378378379,25.735625,64.41988636363637,-5.19672131147541,87.8360655737705,217.86666666666667,-35.0,Blond&-1984-14MNDV5f,1,0
184,0.08,0.25,0.8,0.01,0.01,0.03,2.3,1.05,0.01,0.02,0.0,0.0,377.8222222222222,78.78695652173913,90.80927835051547,183.1875,16.1875,118.4020618556701,0.002,0.003,0.001,525.0,30.0,1.0,1.75,210,SA,700.0,20.0,507.0,613.0,25.735625,64.41988636363637,-5.19672131147541,87.8360655737705,217.86666666666667,-31.096774193548388,Ditt-oat,1,0
185,0.08,0.25,0.8,0.01,0.01,0.03,2.3,1.05,0.01,0.02,0.0,0.0,377.8222222222222,78.78695652173913,90.80927835051547,183.1875,16.1875,118.4020618556701,0.002,0.003,0.001,525.0,30.0,1.0,1.75,210,SA,700.0,20.0,526.5390862944163,613.2878378378379,25.735625,64.41988636363637,20.0,231.0,217.86666666666667,-31.096774193548388,Ditt-oatch1,1,0
186,0.08,0.25,0.8,0.01,0.01,0.03,2.3,1.05,0.01,0.02,0.0,0.0,377.8222222222222,78.78695652173913,90.80927835051547,183.1875,16.1875,118.4020618556701,0.002,0.003,0.001,525.0,30.0,1.0,1.75,210,SA,700.0,20.0,526.5390862944163,613.2878378378379,25.735625,64.41988636363637,-10.0,197.0,217.86666666666667,-31.096774193548388,Ditt-oatch2,1,0
187,0.08,0.25,0.8,0.01,0.01,0.03,2.3,1.05,0.01,0.02,0.0,0.0,377.8222222222222,78.78695652173913,90.80927835051547,183.1875,16.1875,118.4020618556701,0.002,0.003,0.001,525.0,30.0,1.0,1.75,210,SA,700.0,20.0,526.5390862944163,613.2878378378379,25.735625,64.41988636363637,-30.0,170.0,217.86666666666667,-31.096774193548388,Ditt-oatch3,1,0
188,0.08,0.25,0.8,0.01,0.01,0.03,2.3,1.05,0.01,0.02,0.0,0.0,377.8222222222222,78.78695652173913,90.80927835051547,183.1875,16.1875,118.4020618556701,0.002,0.003,0.001,525.0,30.0,1.0,1.75,210,SA,700.0,20.0,527.0,627.0,25.735625,64.41988636363637,-5.19672131147541,87.8360655737705,217.86666666666667,-31.096774193548388,Ditt-0.5t,1,0
189,0.08,0.25,0.8,0.01,0.01,0.03,2.3,1.05,0.01,0.02,0.0,0.0,377.8222222222222,78.78695652173913,90.80927835051547,183.1875,16.1875,118.4020618556701,0.002,0.003,0.001,525.0,30.0,1.0,1.75,210,SA,700.0,20.0,526.5390862944163,613.2878378378379,25.735625,64.41988636363637,20.0,224.0,217.86666666666667,-31.096774193548388,Ditt-0.5tch1,1,0
190,0.08,0.25,0.8,0.01,0.01,0.03,2.3,1.05,0.01,0.02,0.0,0.0,377.8222222222222,78.78695652173913,90.80927835051547,183.1875,16.1875,118.4020618556701,0.002,0.003,0.001,525.0,30.0,1.0,1.75,210,SA,700.0,20.0,526.5390862944163,613.2878378378379,25.735625,64.41988636363637,-10.0,203.0,217.86666666666667,-31.096774193548388,Ditt-0.5tch2,1,0
191,0.08,0.25,0.8,0.01,0.01,0.03,2.3,1.05,0.01,0.02,0.0,0.0,377.8222222222222,78.78695652173913,90.80927835051547,183.1875,16.1875,118.4020618556701,0.002,0.003,0.001,525.0,30.0,1.0,1.75,210,SA,700.0,20.0,526.5390862944163,613.2878378378379,25.735625,64.41988636363637,-30.0,171.0,217.86666666666667,-31.096774193548388,Ditt-0.5tch3,1,0
192,0.08,0.25,0.8,0.01,0.01,0.03,2.3,1.05,0.01,0.02,0.0,0.0,377.8222222222222,78.78695652173913,90.80927835051547,183.1875,16.1875,118.4020618556701,0.002,0.003,0.001,525.0,30.0,1.0,1.75,210,SA,700.0,20.0,515.0,616.0,25.735625,64.41988636363637,-5.19672131147541,87.8360655737705,217.86666666666667,-31.096774193548388,Ditt-0.5a,1,0
193,0.08,0.25,0.8,0.01,0.01,0.03,2.3,1.05,0.01,0.02,0.0,0.0,377.8222222222222,78.78695652173913,90.80927835051547,183.1875,16.1875,118.4020618556701,0.002,0.003,0.001,525.0,30.0,1.0,1.75,210,SA,700.0,20.0,526.5390862944163,613.2878378378379,25.735625,64.41988636363637,20.0,227.0,217.86666666666667,-31.096774193548388,Ditt-0.5ach1,1,0
194,0.08,0.25,0.8,0.01,0.01,0.03,2.3,1.05,0.01,0.02,0.0,0.0,377.8222222222222,78.78695652173913,90.80927835051547,183.1875,16.1875,118.4020618556701,0.002,0.003,0.001,525.0,30.0,1.0,1.75,210,SA,700.0,20.0,526.5390862944163,613.2878378378379,25.735625,64.41988636363637,-10.0,175.0,217.86666666666667,-31.096774193548388,Ditt-0.5ach2,1,0
195,0.08,0.25,0.8,0.01,0.01,0.03,2.3,1.05,0.01,0.02,0.0,0.0,377.8222222222222,78.78695652173913,90.80927835051547,183.1875,16.1875,118.4020618556701,0.002,0.003,0.001,525.0,30.0,1.0,1.75,210,SA,700.0,20.0,526.5390862944163,613.2878378378379,25.735625,64.41988636363637,-30.0,152.0,217.86666666666667,-31.096774193548388,Ditt-0.5ach3,1,0
196,0.08,0.25,0.8,0.01,0.01,0.03,2.3,1.05,0.01,0.02,0.0,0.0,377.8222222222222,78.78695652173913,90.80927835051547,183.1875,16.1875,118.4020618556701,0.002,0.003,0.001,525.0,30.0,1.0,1.75,210,SA,700.0,20.0,509.0,610.0,25.735625,64.41988636363637,-5.19672131147541,87.8360655737705,217.86666666666667,-31.096774193548388,Ditt-0.5r,1,0
197,0.08,0.25,0.8,0.01,0.01,0.03,2.3,1.05,0.01,0.02,0.0,0.0,377.8222222222222,78.78695652173913,90.80927835051547,183.1875,16.1875,118.4020618556701,0.002,0.003,0.001,525.0,30.0,1.0,1.75,210,SA,700.0,20.0,526.5390862944163,613.2878378378379,25.735625,64.41988636363637,20.0,221.0,217.86666666666667,-31.096774193548388,Ditt-0.5rch1,1,0
198,0.08,0.25,0.8,0.01,0.01,0.03,2.3,1.05,0.01,0.02,0.0,0.0,377.8222222222222,78.78695652173913,90.80927835051547,183.1875,16.1875,118.4020618556701,0.002,0.003,0.001,525.0,30.0,1.0,1.75,210,SA,700.0,20.0,526.5390862944163,613.2878378378379,25.735625,64.41988636363637,188.0,141.0,217.86666666666667,-31.096774193548388,Ditt-0.5rch2,1,0
199,0.08,0.25,0.8,0.01,0.01,0.03,2.3,1.05,0.01,0.02,0.0,0.0,377.8222222222222,78.78695652173913,90.80927835051547,183.1875,16.1875,118.4020618556701,0.002,0.003,0.001,525.0,30.0,1.0,1.75,210,SA,700.0,20.0,526.5390862944163,613.2878378378379,25.735625,64.41988636363637,-30.0,141.0,217.86666666666667,-31.096774193548388,Ditt-0.5rch3,1,0
200,0.08,0.25,0.8,0.01,0.01,0.03,2.3,1.05,0.01,0.02,0.0,0.0,377.8222222222222,78.78695652173913,90.80927835051547,183.1875,16.1875,118.4020618556701,0.002,0.003,0.001,525.0,30.0,1.0,1.75,210,SA,700.0,20.0,504.0,612.0,25.735625,64.41988636363637,-5.19672131147541,87.8360655737705,217.86666666666667,-31.096774193548388,Ditt-iat,1,0
201,0.08,0.25,0.8,0.01,0.01,0.03,2.3,1.05,0.01,0.02,0.0,0.0,377.8222222222222,78.78695652173913,90.80927835051547,183.1875,16.1875,118.4020618556701,0.002,0.003,0.001,525.0,30.0,1.0,1.75,210,SA,700.0,20.0,526.5390862944163,613.2878378378379,25.735625,64.41988636363637,20.0,233.0,217.86666666666667,-31.096774193548388,Ditt-iatch1,1,0
202,0.08,0.25,0.8,0.01,0.01,0.03,2.3,1.05,0.01,0.02,0.0,0.0,377.8222222222222,78.78695652173913,90.80927835051547,183.1875,16.1875,118.4020618556701,0.002,0.003,0.001,525.0,30.0,1.0,1.75,210,SA,700.0,20.0,526.5390862944163,613.2878378378379,25.735625,64.41988636363637,-10.0,199.0,217.86666666666667,-31.096774193548388,Ditt-iatch2,1,0
203,0.08,0.25,0.8,0.01,0.01,0.03,2.3,1.05,0.01,0.02,0.0,0.0,377.8222222222222,78.78695652173913,90.80927835051547,183.1875,16.1875,118.4020618556701,0.002,0.003,0.001,525.0,30.0,1.0,1.75,210,SA,700.0,20.0,526.5390862944163,613.2878378378379,25.735625,64.41988636363637,-30.0,170.0,217.86666666666667,-31.096774193548388,Ditt-iatch3,1,0
206,0.095,0.35,0.9,0.008,0.02,0.0,0.0,0.0,0.0,0.0,0.0,0.0,269.0,78.78695652173913,54.0,170.0,16.1875,0.0,53.88681818181818,73.60119999999999,36.9378125,450.0,30.0,1.0,2.025,250,SA,200.0,1.0,408.0,501.0,32.6,77.0,-5.19672131147541,87.8360655737705,217.86666666666667,-31.096774193548388,p9-RR82011,1,0
207,0.095,0.35,0.9,0.008,0.02,0.0,0.0,0.0,0.0,0.0,0.0,0.0,269.0,78.78695652173913,54.0,170.0,16.1875,0.0,53.88681818181818,73.60119999999999,36.9378125,450.0,30.0,1.0,2.025,250,SA,200.0,1.0,394.0,496.0,34.2,78.0,-5.19672131147541,87.8360655737705,217.86666666666667,-31.096774193548388,p9-RR82011,1,0
208,0.093,0.32,0.86,0.01,0.018,0.0,0.0,0.0,0.0,0.0,0.0,0.0,236.0,78.78695652173913,54.0,180.0,16.1875,0.0,53.88681818181818,73.60119999999999,36.9378125,550.0,30.0,1.0,2.475,250,SA,200.0,1.0,390.0,486.0,33.0,76.0,-5.19672131147541,87.8360655737705,217.86666666666667,-31.096774193548388,p10-RR82011,1,0
209,0.093,0.32,0.86,0.01,0.018,0.0,0.0,0.0,0.0,0.0,0.0,0.0,236.0,78.78695652173913,54.0,180.0,16.1875,0.0,53.88681818181818,73.60119999999999,36.9378125,550.0,30.0,1.0,2.475,250,SA,200.0,1.0,388.0,482.0,31.8,75.0,-5.19672131147541,87.8360655737705,217.86666666666667,-31.096774193548388,p10-RR82011,1,0
210,0.096,0.3,0.8,0.012,0.013,0.0,0.0,0.0,0.0,0.0,0.0,0.0,265.0,78.78695652173913,47.0,170.0,16.1875,0.0,53.88681818181818,73.60119999999999,36.9378125,650.0,30.0,1.0,2.925,250,SA,200.0,1.0,370.0,481.0,33.6,76.0,-5.19672131147541,87.8360655737705,217.86666666666667,-31.096774193548388,p11-RR82011,1,0
211,0.096,0.3,0.8,0.012,0.013,0.0,0.0,0.0,0.0,0.0,0.0,0.0,265.0,78.78695652173913,47.0,170.0,16.1875,0.0,53.88681818181818,73.60119999999999,36.9378125,650.0,30.0,1.0,2.925,250,SA,200.0,1.0,379.0,490.0,32.2,77.0,-5.19672131147541,87.8360655737705,217.86666666666667,-31.096774193548388,p11-RR82011,1,0
212,0.1,0.28,0.82,0.012,0.014,0.0,0.0,0.0,0.0,0.0,0.0,0.0,258.0,78.78695652173913,45.0,200.0,16.1875,0.0,53.88681818181818,73.60119999999999,36.9378125,900.0,33.0,1.0,4.8,100,SA,200.0,1.0,337.0,477.0,32.6,71.0,-5.19672131147541,87.8360655737705,217.86666666666667,-31.096774193548388,p12-RR82011,1,0
213,0.1,0.28,0.82,0.012,0.014,0.0,0.0,0.0,0.0,0.0,0.0,0.0,258.0,78.78695652173913,45.0,200.0,16.1875,0.0,53.88681818181818,73.60119999999999,36.9378125,900.0,33.0,1.0,4.8,100,SA,200.0,1.0,356.0,483.0,32.3,72.0,-5.19672131147541,87.8360655737705,217.86666666666667,-31.096774193548388,p12-RR82011,1,0
214,0.088,0.35,1.38,0.004,0.022,0.0,0.0,0.0,0.0,0.0,0.0,0.0,268.0,78.78695652173913,109.0,200.0,16.1875,0.0,53.88681818181818,73.60119999999999,36.9378125,450.0,30.0,1.0,2.025,250,SA,200.0,1.0,456.0,563.0,30.2,75.0,-5.19672131147541,87.8360655737705,217.86666666666667,-31.096774193548388,p13-RR82011,1,0
215,0.088,0.35,1.38,0.004,0.022,0.0,0.0,0.0,0.0,0.0,0.0,0.0,268.0,78.78695652173913,109.0,200.0,16.1875,0.0,53.88681818181818,73.60119999999999,36.9378125,450.0,30.0,1.0,2.025,250,SA,200.0,1.0,458.0,567.0,29.6,74.0,-5.19672131147541,87.8360655737705,217.86666666666667,-31.096774193548388,p13-RR82011,1,0
216,0.089,0.32,1.36,0.005,0.019,0.0,0.0,0.0,0.0,0.0,0.0,0.0,237.0,78.78695652173913,85.0,180.0,16.1875,0.0,53.88681818181818,73.60119999999999,36.9378125,550.0,30.0,1.0,2.475,250,SA,200.0,1.0,428.0,539.0,28.0,75.0,-5.19672131147541,87.8360655737705,217.86666666666667,-31.096774193548388,p14-RR82011,1,0
217,0.089,0.32,1.36,0.005,0.019,0.0,0.0,0.0,0.0,0.0,0.0,0.0,237.0,78.78695652173913,85.0,180.0,16.1875,0.0,53.88681818181818,73.60119999999999,36.9378125,550.0,30.0,1.0,2.475,250,SA,200.0,1.0,436.0,544.0,29.4,75.0,-5.19672131147541,87.8360655737705,217.86666666666667,-31.096774193548388,p14-RR82011,1,0
218,0.092,0.31,1.33,0.005,0.016,0.0,0.0,0.0,0.0,0.0,0.0,0.0,252.0,78.78695652173913,84.0,170.0,16.1875,0.0,53.88681818181818,73.60119999999999,36.9378125,650.0,30.0,1.0,2.925,250,SA,200.0,1.0,439.0,543.0,28.8,75.0,-5.19672131147541,87.8360655737705,217.86666666666667,-31.096774193548388,p15-RR82011,1,0
219,0.092,0.31,1.33,0.005,0.016,0.0,0.0,0.0,0.0,0.0,0.0,0.0,252.0,78.78695652173913,84.0,170.0,16.1875,0.0,53.88681818181818,73.60119999999999,36.9378125,650.0,30.0,1.0,2.925,250,SA,200.0,1.0,430.0,541.0,31.4,73.0,-5.19672131147541,87.8360655737705,217.86666666666667,-31.096774193548388,p15-RR82011,1,0
220,0.09,0.33,1.19,0.007,0.015,0.0,0.0,0.0,0.0,0.0,0.0,0.0,234.0,78.78695652173913,78.0,200.0,16.1875,0.0,53.88681818181818,73.60119999999999,36.9378125,900.0,33.0,1.0,4.8,100,SA,200.0,1.0,526.5390862944163,539.0,27.1,67.0,-5.19672131147541,87.8360655737705,217.86666666666667,-31.096774193548388,p16-RR82011,1,0
221,0.09,0.33,1.19,0.007,0.015,0.0,0.0,0.0,0.0,0.0,0.0,0.0,234.0,78.78695652173913,78.0,200.0,16.1875,0.0,53.88681818181818,73.60119999999999,36.9378125,900.0,33.0,1.0,4.8,100,SA,200.0,1.0,413.0,540.0,28.6,69.0,-5.19672131147541,87.8360655737705,217.86666666666667,-31.096774193548388,p16-RR82011,1,0
222,0.075,0.47,1.31,0.014,0.02,0.0,0.0,0.0,0.0,0.0,0.0,0.0,465.0,78.78695652173913,49.0,190.0,16.1875,0.0,53.88681818181818,73.60119999999999,36.9378125,450.0,30.0,1.0,2.025,250,SA,200.0,1.0,405.0,497.0,31.6,76.0,-5.19672131147541,87.8360655737705,217.86666666666667,-31.096774193548388,p21-RR82011,1,0
223,0.075,0.47,1.31,0.014,0.02,0.0,0.0,0.0,0.0,0.0,0.0,0.0,465.0,78.78695652173913,49.0,190.0,16.1875,0.0,53.88681818181818,73.60119999999999,36.9378125,450.0,30.0,1.0,2.025,250,SA,200.0,1.0,404.0,503.0,32.0,77.0,-5.19672131147541,87.8360655737705,217.86666666666667,-31.096774193548388,p21-RR82011,1,0
224,0.078,0.44,1.24,0.012,0.018,0.0,0.0,0.0,0.0,0.0,0.0,0.0,479.0,78.78695652173913,61.0,220.0,16.1875,0.0,53.88681818181818,73.60119999999999,36.9378125,550.0,30.0,1.0,2.475,250,SA,200.0,1.0,383.0,487.0,32.4,77.0,-5.19672131147541,87.8360655737705,217.86666666666667,-31.096774193548388,p22-RR82011,1,0
225,0.078,0.44,1.24,0.012,0.018,0.0,0.0,0.0,0.0,0.0,0.0,0.0,479.0,78.78695652173913,61.0,220.0,16.1875,0.0,53.88681818181818,73.60119999999999,36.9378125,550.0,30.0,1.0,2.475,250,SA,200.0,1.0,394.0,490.0,31.6,75.0,-5.19672131147541,87.8360655737705,217.86666666666667,-31.096774193548388,p22-RR82011,1,0
226,0.08,0.36,1.02,0.014,0.014,0.0,0.0,0.0,0.0,0.0,0.0,0.0,513.0,78.78695652173913,51.0,230.0,16.1875,0.0,53.88681818181818,73.60119999999999,36.9378125,650.0,30.0,1.0,2.925,250,SA,200.0,1.0,386.0,483.0,30.8,74.0,-5.19672131147541,87.8360655737705,217.86666666666667,-31.096774193548388,p23-RR82011,1,0
227,0.08,0.36,1.02,0.014,0.014,0.0,0.0,0.0,0.0,0.0,0.0,0.0,513.0,78.78695652173913,51.0,230.0,16.1875,0.0,53.88681818181818,73.60119999999999,36.9378125,650.0,30.0,1.0,2.925,250,SA,200.0,1.0,378.0,477.0,31.0,75.0,-5.19672131147541,87.8360655737705,217.86666666666667,-31.096774193548388,p23-RR82011,1,0
228,0.077,0.44,1.61,0.012,0.021,0.0,0.0,0.0,0.0,0.0,0.0,0.0,434.0,78.78695652173913,105.0,180.0,16.1875,0.0,53.88681818181818,73.60119999999999,36.9378125,450.0,30.0,1.0,2.025,250,SA,200.0,1.0,456.0,567.0,27.6,73.0,-5.19672131147541,87.8360655737705,217.86666666666667,-31.096774193548388,p24-RR82011,1,0
229,0.077,0.44,1.61,0.012,0.021,0.0,0.0,0.0,0.0,0.0,0.0,0.0,434.0,78.78695652173913,105.0,180.0,16.1875,0.0,53.88681818181818,73.60119999999999,36.9378125,450.0,30.0,1.0,2.025,250,SA,200.0,1.0,455.0,563.0,29.4,73.0,-5.19672131147541,87.8360655737705,217.86666666666667,-31.096774193548388,p24-RR82011,1,0
230,0.071,0.4,1.55,0.013,0.019,0.0,0.0,0.0,0.0,0.0,0.0,0.0,423.0,78.78695652173913,81.0,200.0,16.1875,0.0,53.88681818181818,73.60119999999999,36.9378125,550.0,30.0,1.0,2.475,250,SA,200.0,1.0,439.0,549.0,28.8,71.0,-5.19672131147541,87.8360655737705,217.86666666666667,-31.096774193548388,p25-RR82011,1,0
231,0.071,0.4,1.55,0.013,0.019,0.0,0.0,0.0,0.0,0.0,0.0,0.0,423.0,78.78695652173913,81.0,200.0,16.1875,0.0,53.88681818181818,73.60119999999999,36.9378125,550.0,30.0,1.0,2.475,250,SA,200.0,1.0,442.0,547.0,28.2,73.0,-5.19672131147541,87.8360655737705,217.86666666666667,-31.096774193548388,p25-RR82011,1,0
232,0.073,0.39,1.55,0.012,0.018,0.0,0.0,0.0,0.0,0.0,0.0,0.0,463.0,78.78695652173913,72.0,220.0,16.1875,0.0,53.88681818181818,73.60119999999999,36.9378125,650.0,30.0,1.0,2.925,250,SA,200.0,1.0,435.0,546.0,27.0,73.0,-5.19672131147541,87.8360655737705,217.86666666666667,-31.096774193548388,p26-RR82011,1,0
233,0.073,0.39,1.55,0.012,0.018,0.0,0.0,0.0,0.0,0.0,0.0,0.0,463.0,78.78695652173913,72.0,220.0,16.1875,0.0,53.88681818181818,73.60119999999999,36.9378125,650.0,30.0,1.0,2.925,250,SA,200.0,1.0,441.0,553.0,28.4,72.0,-5.19672131147541,87.8360655737705,217.86666666666667,-31.096774193548388,p26-RR82011,1,0
234,0.068,0.9,1.2,0.016,0.024,0.0,0.0,0.0,0.0,0.0,0.0,0.0,789.0,78.78695652173913,27.0,270.0,16.1875,0.0,53.88681818181818,73.60119999999999,36.9378125,450.0,30.0,1.0,2.025,250,SA,200.0,1.0,473.0,582.0,26.8,70.0,-5.19672131147541,87.8360655737705,217.86666666666667,-31.096774193548388,p28-RR82011,1,0
235,0.068,0.9,1.2,0.016,0.024,0.0,0.0,0.0,0.0,0.0,0.0,0.0,789.0,78.78695652173913,27.0,270.0,16.1875,0.0,53.88681818181818,73.60119999999999,36.9378125,450.0,30.0,1.0,2.025,250,SA,200.0,1.0,490.0,581.0,28.0,70.0,-5.19672131147541,87.8360655737705,217.86666666666667,-31.096774193548388,p28-RR82011,1,0
236,0.066,0.8,1.12,0.017,0.021,0.0,0.0,0.0,0.0,0.0,0.0,0.0,774.0,78.78695652173913,26.0,330.0,16.1875,0.0,53.88681818181818,73.60119999999999,36.9378125,550.0,30.0,1.0,2.475,250,SA,200.0,1.0,469.0,561.0,29.0,69.0,-5.19672131147541,87.8360655737705,217.86666666666667,-31.096774193548388,p29-RR82011,1,0
237,0.066,0.8,1.12,0.017,0.021,0.0,0.0,0.0,0.0,0.0,0.0,0.0,774.0,78.78695652173913,26.0,330.0,16.1875,0.0,53.88681818181818,73.60119999999999,36.9378125,550.0,30.0,1.0,2.475,250,SA,200.0,1.0,455.0,558.0,28.2,69.0,-5.19672131147541,87.8360655737705,217.86666666666667,-31.096774193548388,p29-RR82011,1,0
238,0.06,0.68,1.0,0.016,0.017,0.0,0.0,0.0,0.0,0.0,0.0,0.0,821.0,78.78695652173913,27.0,400.0,16.1875,0.0,53.88681818181818,73.60119999999999,36.9378125,650.0,30.0,1.0,2.925,250,SA,200.0,1.0,449.0,540.0,26.8,66.0,-5.19672131147541,87.8360655737705,217.86666666666667,-31.096774193548388,p30-RR82011,1,0
239,0.06,0.68,1.0,0.016,0.017,0.0,0.0,0.0,0.0,0.0,0.0,0.0,821.0,78.78695652173913,27.0,400.0,16.1875,0.0,53.88681818181818,73.60119999999999,36.9378125,650.0,30.0,1.0,2.925,250,SA,200.0,1.0,453.0,543.0,26.8,65.0,-5.19672131147541,87.8360655737705,217.86666666666667,-31.096774193548388,p30-RR82011,1,0
240,0.07,1.14,1.45,0.015,0.027,0.0,0.0,0.0,0.0,0.0,0.0,0.0,699.0,78.78695652173913,37.0,230.0,16.1875,0.0,53.88681818181818,73.60119999999999,36.9378125,450.0,30.0,1.0,2.025,250,SA,200.0,1.0,530.0,636.0,26.6,64.0,-5.19672131147541,87.8360655737705,217.86666666666667,-31.096774193548388,p31-RR82011,1,0
241,0.07,1.14,1.45,0.015,0.027,0.0,0.0,0.0,0.0,0.0,0.0,0.0,699.0,78.78695652173913,37.0,230.0,16.1875,0.0,53.88681818181818,73.60119999999999,36.9378125,450.0,30.0,1.0,2.025,250,SA,200.0,1.0,530.0,633.0,26.6,65.0,-5.19672131147541,87.8360655737705,217.86666666666667,-31.096774193548388,p31-RR82011,1,0
242,0.064,0.95,1.33,0.013,0.024,0.0,0.0,0.0,0.0,0.0,0.0,0.0,765.0,78.78695652173913,42.0,280.0,16.1875,0.0,53.88681818181818,73.60119999999999,36.9378125,550.0,30.0,1.0,2.475,250,SA,200.0,1.0,516.0,613.0,23.6,63.0,-5.19672131147541,87.8360655737705,217.86666666666667,-31.096774193548388,p32-RR82011,1,0
243,0.064,0.95,1.33,0.013,0.024,0.0,0.0,0.0,0.0,0.0,0.0,0.0,765.0,78.78695652173913,42.0,280.0,16.1875,0.0,53.88681818181818,73.60119999999999,36.9378125,550.0,30.0,1.0,2.475,250,SA,200.0,1.0,516.0,619.0,26.0,62.0,-5.19672131147541,87.8360655737705,217.86666666666667,-31.096774193548388,p32-RR82011,1,0
244,0.073,0.76,1.14,0.015,0.018,0.0,0.0,0.0,0.0,0.0,0.0,0.0,711.0,78.78695652173913,46.0,350.0,16.1875,0.0,53.88681818181818,73.60119999999999,36.9378125,650.0,30.0,1.0,2.925,250,SA,200.0,1.0,481.0,577.0,27.8,65.0,-5.19672131147541,87.8360655737705,217.86666666666667,-31.096774193548388,p33-RR82011,1,0
245,0.073,0.76,1.14,0.015,0.018,0.0,0.0,0.0,0.0,0.0,0.0,0.0,711.0,78.78695652173913,46.0,350.0,16.1875,0.0,53.88681818181818,73.60119999999999,36.9378125,650.0,30.0,1.0,2.925,250,SA,200.0,1.0,479.0,581.0,26.2,65.0,-5.19672131147541,87.8360655737705,217.86666666666667,-31.096774193548388,p33-RR82011,1,0
246,0.072,1.08,1.71,0.015,0.028,0.0,0.0,0.0,0.0,0.0,0.0,0.0,609.0,78.78695652173913,65.0,320.0,16.1875,0.0,53.88681818181818,73.60119999999999,36.9378125,450.0,30.0,1.0,2.025,250,SA,200.0,1.0,592.0,690.0,23.4,51.0,-5.19672131147541,87.8360655737705,217.86666666666667,-31.096774193548388,p34-RR82011,1,0
247,0.072,1.08,1.71,0.015,0.028,0.0,0.0,0.0,0.0,0.0,0.0,0.0,609.0,78.78695652173913,65.0,320.0,16.1875,0.0,53.88681818181818,73.60119999999999,36.9378125,450.0,30.0,1.0,2.025,250,SA,200.0,1.0,584.0,686.0,21.0,47.0,-5.19672131147541,87.8360655737705,217.86666666666667,-31.096774193548388,p34-RR82011,1,0
248,0.071,0.84,1.53,0.012,0.022,0.0,0.0,0.0,0.0,0.0,0.0,0.0,720.0,78.78695652173913,72.0,310.0,16.1875,0.0,53.88681818181818,73.60119999999999,36.9378125,550.0,30.0,1.0,2.475,250,SA,200.0,1.0,560.0,652.0,25.0,56.0,-5.19672131147541,87.8360655737705,217.86666666666667,-31.096774193548388,p35-RR82011,1,0
249,0.071,0.84,1.53,0.012,0.022,0.0,0.0,0.0,0.0,0.0,0.0,0.0,720.0,78.78695652173913,72.0,310.0,16.1875,0.0,53.88681818181818,73.60119999999999,36.9378125,550.0,30.0,1.0,2.475,250,SA,200.0,1.0,577.0,651.0,22.8,54.0,-5.19672131147541,87.8360655737705,217.86666666666667,-31.096774193548388,p35-RR82011,1,0
250,0.077,0.64,1.43,0.013,0.017,0.0,0.0,0.0,0.0,0.0,0.0,0.0,646.0,78.78695652173913,75.0,330.0,16.1875,0.0,53.88681818181818,73.60119999999999,36.9378125,650.0,30.0,1.0,2.925,250,SA,200.0,1.0,516.0,613.0,25.4,59.0,-5.19672131147541,87.8360655737705,217.86666666666667,-31.096774193548388,p36-RR82011,1,0
251,0.077,0.64,1.43,0.013,0.017,0.0,0.0,0.0,0.0,0.0,0.0,0.0,646.0,78.78695652173913,75.0,330.0,16.1875,0.0,53.88681818181818,73.60119999999999,36.9378125,650.0,30.0,1.0,2.925,250,SA,200.0,1.0,520.0,617.0,24.0,58.0,-5.19672131147541,87.8360655737705,217.86666666666667,-31.096774193548388,p36-RR82011,1,0
252,0.088,0.39,0.89,0.008,0.017,0.57,8.2,0.96,0.18,0.1498989898989899,0.0,0.0,361.0,78.78695652173913,373.0,183.1875,16.1875,500.0,53.88681818181818,73.60119999999999,36.9378125,450.0,30.0,1.0,2.0,200,SA,760.0,2.0,830.0,613.2878378378379,25.735625,64.41988636363637,-5.19672131147541,87.8360655737705,217.86666666666667,-31.096774193548388,Birmingham-MAX31,1,0
253,0.088,0.38,0.55,0.008,0.017,0.52,8.6,0.98,0.19,0.1498989898989899,0.0,0.0,363.0,78.78695652173913,376.0,183.1875,16.1875,500.0,53.88681818181818,73.60119999999999,36.9378125,450.0,30.0,1.0,2.0,200,SA,760.0,2.0,830.0,613.2878378378379,25.735625,64.41988636363637,-5.19672131147541,87.8360655737705,217.86666666666667,-31.096774193548388,Birmingham-MAX32,1,0
254,0.098,0.39,1.63,0.008,0.017,0.79,8.6,0.98,0.2,0.1498989898989899,0.0,0.0,330.0,78.78695652173913,390.0,183.1875,16.1875,500.0,53.88681818181818,73.60119999999999,36.9378125,450.0,30.0,1.0,2.0,200,SA,760.0,2.0,825.0,613.2878378378379,25.735625,64.41988636363637,-5.19672131147541,87.8360655737705,217.86666666666667,-31.096774193548388,Birmingham-MAX33,1,0
255,0.1,0.36,0.93,0.008,0.016,0.23,8.9,1.02,0.2,0.1498989898989899,0.0,0.0,372.0,78.78695652173913,416.0,183.1875,16.1875,500.0,53.88681818181818,73.60119999999999,36.9378125,450.0,30.0,1.0,2.0,200,SA,760.0,2.0,734.0,613.2878378378379,25.735625,64.41988636363637,-5.19672131147541,87.8360655737705,217.86666666666667,-31.096774193548388,Birmingham-MAX34,1,0
256,0.1,0.35,0.9,0.008,0.016,0.6,8.6,0.98,0.18,0.1498989898989899,0.0,0.0,368.0,78.78695652173913,398.0,183.1875,16.1875,50.0,53.88681818181818,73.60119999999999,36.9378125,450.0,30.0,1.0,2.0,200,SA,760.0,2.0,834.0,613.2878378378379,25.735625,64.41988636363637,-5.19672131147541,87.8360655737705,217.86666666666667,-31.096774193548388,Birmingham-MAX35,1,0
257,0.088,0.36,0.88,0.008,0.017,0.57,8.4,0.94,0.19,0.1498989898989899,0.0,0.0,441.0,78.78695652173913,394.0,183.1875,16.1875,1000.0,53.88681818181818,73.60119999999999,36.9378125,450.0,30.0,1.0,2.0,200,SA,760.0,2.0,822.0,613.2878378378379,25.735625,64.41988636363637,-5.19672131147541,87.8360655737705,217.86666666666667,-31.096774193548388,Birmingham-MAX36,1,0
258,0.09,0.34,0.89,0.008,0.016,0.17,8.2,0.94,0.02,0.1498989898989899,0.0,0.0,396.0,78.78695652173913,96.0,183.1875,16.1875,50.0,53.88681818181818,73.60119999999999,36.9378125,450.0,30.0,1.0,2.0,200,SA,760.0,2.0,660.0,613.2878378378379,25.735625,64.41988636363637,-5.19672131147541,87.8360655737705,217.86666666666667,-31.096774193548388,Birmingham-MAX37,1,0
259,0.092,0.35,0.9,0.008,0.016,0.54,8.4,0.97,0.17,0.1498989898989899,0.0,0.0,426.0,78.78695652173913,99.0,183.1875,16.1875,500.0,53.88681818181818,73.60119999999999,36.9378125,450.0,30.0,1.0,2.0,200,SA,760.0,2.0,832.0,613.2878378378379,25.735625,64.41988636363637,-5.19672131147541,87.8360655737705,217.86666666666667,-31.096774193548388,Birmingham-MAX38,1,0
